学習地点,Tier_Factor
東京都世田谷区三宿１丁目,1.0
東京都世田谷区三宿２丁目,1.0
東京都世田谷区三軒茶屋１丁目,1.0
東京都世田谷区三軒茶屋２丁目,1.0
東京都世田谷区上北沢１丁目,1.05
東京都世田谷区上北沢３丁目,1.0
東京都世田谷区上北沢４丁目,1.0
東京都世田谷区上用賀１丁目,1.0
東京都世田谷区上用賀２丁目,1.0
東京都世田谷区上用賀３丁目,1.0
東京都世田谷区上用賀４丁目,1.0625
東京都世田谷区上用賀５丁目,1.0
東京都世田谷区上祖師谷２丁目,1.0
東京都世田谷区上祖師谷５丁目,1.0
東京都世田谷区上祖師谷６丁目,1.0
東京都世田谷区上野毛１丁目,1.0
東京都世田谷区上野毛２丁目,1.0
東京都世田谷区上野毛３丁目,1.0
東京都世田谷区上野毛４丁目,1.0
東京都世田谷区上馬１丁目,1.0
東京都世田谷区上馬２丁目,1.0
東京都世田谷区上馬３丁目,1.0
東京都世田谷区上馬４丁目,1.0
東京都世田谷区上馬５丁目,1.0
東京都世田谷区下馬１丁目,1.0
東京都世田谷区下馬２丁目,1.0
東京都世田谷区下馬４丁目,1.0
東京都世田谷区下馬６丁目,1.0214285714285714
東京都世田谷区世田谷１丁目,1.0
東京都世田谷区世田谷２丁目,1.0
東京都世田谷区世田谷３丁目,1.0
東京都世田谷区世田谷４丁目,1.0
東京都世田谷区中町４丁目,1.0
東京都世田谷区中町５丁目,1.0
東京都世田谷区代沢２丁目,1.0
東京都世田谷区代沢３丁目,1.0
東京都世田谷区代沢４丁目,1.05
東京都世田谷区代沢５丁目,1.0
東京都世田谷区代田１丁目,1.0
東京都世田谷区代田３丁目,1.022222222222222
東京都世田谷区代田５丁目,1.0
東京都世田谷区北沢２丁目,1.0
東京都世田谷区北沢４丁目,1.0
東京都世田谷区北烏山１丁目,1.0
東京都世田谷区北烏山３丁目,1.0
東京都世田谷区北烏山６丁目,1.0
東京都世田谷区北烏山７丁目,1.0
東京都世田谷区北烏山９丁目,1.0
東京都世田谷区千歳台１丁目,1.0
東京都世田谷区千歳台３丁目,1.0
東京都世田谷区千歳台４丁目,1.0
東京都世田谷区千歳台６丁目,1.01
東京都世田谷区南烏山２丁目,1.0
東京都世田谷区南烏山３丁目,1.0
東京都世田谷区南烏山４丁目,1.0
東京都世田谷区南烏山５丁目,1.0
東京都世田谷区南烏山６丁目,1.0
東京都世田谷区喜多見１丁目,1.0
東京都世田谷区喜多見７丁目,1.0
東京都世田谷区大蔵１丁目,1.0
東京都世田谷区大蔵２丁目,1.0
東京都世田谷区太子堂１丁目,1.0
東京都世田谷区太子堂２丁目,1.0
東京都世田谷区太子堂３丁目,1.25
東京都世田谷区太子堂４丁目,1.0
東京都世田谷区太子堂５丁目,1.0
東京都世田谷区奥沢１丁目,1.0
東京都世田谷区奥沢２丁目,1.0
東京都世田谷区奥沢５丁目,1.0
東京都世田谷区奥沢７丁目,1.0
東京都世田谷区奥沢８丁目,1.0
東京都世田谷区宮坂２丁目,1.0
東京都世田谷区宮坂３丁目,1.0
東京都世田谷区尾山台２丁目,1.0
東京都世田谷区尾山台３丁目,1.0
東京都世田谷区岡本１丁目,1.0
東京都世田谷区岡本２丁目,1.0
東京都世田谷区岡本３丁目,1.0
東京都世田谷区弦巻１丁目,1.0
東京都世田谷区弦巻２丁目,1.0083333333333333
東京都世田谷区弦巻３丁目,1.0
東京都世田谷区弦巻４丁目,1.025
東京都世田谷区弦巻５丁目,1.0076923076923077
東京都世田谷区成城１丁目,1.0
東京都世田谷区成城２丁目,1.0
東京都世田谷区成城３丁目,1.0333333333333334
東京都世田谷区成城４丁目,1.0
東京都世田谷区成城６丁目,1.0
東京都世田谷区成城８丁目,1.0
東京都世田谷区成城９丁目,1.0
東京都世田谷区新町１丁目,1.0
東京都世田谷区東玉川１丁目,1.0
東京都世田谷区東玉川２丁目,1.0
東京都世田谷区松原１丁目,1.0
東京都世田谷区松原２丁目,1.0
東京都世田谷区松原３丁目,1.0
東京都世田谷区松原４丁目,1.0
東京都世田谷区松原５丁目,1.0
東京都世田谷区松原６丁目,1.0
東京都世田谷区桜上水１丁目,1.0
東京都世田谷区桜上水４丁目,1.0
東京都世田谷区桜丘１丁目,1.05
東京都世田谷区桜丘２丁目,1.0
東京都世田谷区桜丘３丁目,1.0
東京都世田谷区桜丘４丁目,1.0
東京都世田谷区桜丘５丁目,1.0
東京都世田谷区桜新町１丁目,1.0
東京都世田谷区桜新町２丁目,1.0
東京都世田谷区桜２丁目,1.0
東京都世田谷区桜３丁目,1.0
東京都世田谷区梅丘１丁目,1.0
東京都世田谷区梅丘３丁目,1.0
東京都世田谷区池尻２丁目,1.0
東京都世田谷区池尻３丁目,1.0
東京都世田谷区池尻４丁目,1.0
東京都世田谷区深沢１丁目,1.0
東京都世田谷区深沢２丁目,1.0
東京都世田谷区深沢４丁目,1.0
東京都世田谷区深沢５丁目,1.0
東京都世田谷区深沢６丁目,1.0
東京都世田谷区深沢８丁目,1.0
東京都世田谷区瀬田１丁目,1.075
東京都世田谷区瀬田２丁目,1.02
東京都世田谷区瀬田３丁目,1.0
東京都世田谷区瀬田４丁目,1.0
東京都世田谷区瀬田５丁目,1.0
東京都世田谷区玉堤１丁目,1.0
東京都世田谷区玉堤２丁目,1.0
東京都世田谷区玉川台１丁目,1.0
東京都世田谷区玉川１丁目,1.025
東京都世田谷区玉川２丁目,1.0
東京都世田谷区玉川４丁目,1.0
東京都世田谷区用賀１丁目,1.0333333333333334
東京都世田谷区用賀２丁目,1.0
東京都世田谷区用賀３丁目,1.0125
東京都世田谷区砧１丁目,1.0
東京都世田谷区砧２丁目,1.0
東京都世田谷区砧３丁目,1.0
東京都世田谷区砧４丁目,1.0
東京都世田谷区砧５丁目,1.0
東京都世田谷区砧７丁目,1.0
東京都世田谷区砧８丁目,1.0
東京都世田谷区祖師谷３丁目,1.0
東京都世田谷区等々力１丁目,1.0
東京都世田谷区等々力２丁目,1.0
東京都世田谷区等々力３丁目,1.0
東京都世田谷区等々力４丁目,1.0
東京都世田谷区等々力５丁目,1.0
東京都世田谷区等々力６丁目,1.0166666666666666
東京都世田谷区等々力７丁目,1.0083333333333333
東京都世田谷区等々力８丁目,1.0083333333333333
東京都世田谷区粕谷２丁目,1.0166666666666666
東京都世田谷区粕谷４丁目,1.0
東京都世田谷区経堂１丁目,1.125
東京都世田谷区経堂３丁目,1.0
東京都世田谷区経堂５丁目,1.0
東京都世田谷区給田３丁目,1.0083333333333333
東京都世田谷区給田４丁目,1.0
東京都世田谷区給田５丁目,1.0
東京都世田谷区羽根木２丁目,1.0
東京都世田谷区船橋１丁目,1.0
東京都世田谷区船橋３丁目,1.0
東京都世田谷区船橋４丁目,1.0
東京都世田谷区船橋６丁目,1.0
東京都世田谷区若林１丁目,1.0
東京都世田谷区若林３丁目,1.0
東京都世田谷区若林４丁目,1.0
東京都世田谷区若林５丁目,1.0
東京都世田谷区豪徳寺２丁目,1.05
東京都世田谷区赤堤１丁目,1.0
東京都世田谷区赤堤２丁目,1.0
東京都世田谷区赤堤４丁目,1.0
東京都世田谷区野毛３丁目,1.0
東京都世田谷区野沢１丁目,1.0
東京都世田谷区野沢２丁目,1.0
東京都世田谷区野沢３丁目,1.0
東京都世田谷区野沢４丁目,1.0
東京都世田谷区鎌田２丁目,1.0
東京都世田谷区鎌田３丁目,1.0
東京都世田谷区駒沢１丁目,1.0
東京都世田谷区駒沢２丁目,1.0333333333333334
東京都世田谷区駒沢４丁目,1.0
東京都世田谷区駒沢５丁目,1.0
東京都中央区佃１丁目,1.0
東京都中央区佃２丁目,1.0138888888888888
東京都中央区入船１丁目,1.0
東京都中央区入船２丁目,1.0
東京都中央区入船３丁目,1.0
東京都中央区八丁堀３丁目,1.0
東京都中央区八丁堀４丁目,1.0
東京都中央区勝どき１丁目,1.0
東京都中央区勝どき２丁目,1.0
東京都中央区勝どき３丁目,1.0166666666666666
東京都中央区勝どき４丁目,1.042
東京都中央区勝どき５丁目,1.0865384615384617
東京都中央区勝どき６丁目,1.0
東京都中央区新富１丁目,1.0
東京都中央区新富２丁目,1.0
東京都中央区新川１丁目,1.0
東京都中央区新川２丁目,1.0125
東京都中央区日本橋中洲,1.0
東京都中央区日本橋久松町,1.05
東京都中央区日本橋人形町１丁目,1.0
東京都中央区日本橋人形町２丁目,1.0
東京都中央区日本橋人形町３丁目,1.0
東京都中央区日本橋兜町,1.0
東京都中央区日本橋堀留町１丁目,1.0
東京都中央区日本橋堀留町２丁目,1.0
東京都中央区日本橋大伝馬町,1.0
東京都中央区日本橋富沢町,1.0166666666666666
東京都中央区日本橋小伝馬町,1.0
東京都中央区日本橋小網町,1.0
東京都中央区日本橋小舟町,1.05
東京都中央区日本橋本町１丁目,1.0
東京都中央区日本橋本町４丁目,1.0
東京都中央区日本橋横山町,1.0
東京都中央区日本橋浜町１丁目,1.0
東京都中央区日本橋浜町２丁目,1.0
東京都中央区日本橋浜町３丁目,1.0
東京都中央区日本橋箱崎町,1.0
東京都中央区日本橋茅場町２丁目,1.0
東京都中央区日本橋茅場町３丁目,1.0
東京都中央区日本橋蛎殻町１丁目,1.0
東京都中央区日本橋蛎殻町２丁目,1.0
東京都中央区日本橋馬喰町１丁目,1.0
東京都中央区明石町,1.0142857142857142
東京都中央区晴海１丁目,1.0
東京都中央区晴海２丁目,1.0197916666666669
東京都中央区晴海３丁目,1.0
東京都中央区晴海５丁目,1.0
東京都中央区月島１丁目,1.0071428571428571
東京都中央区月島２丁目,1.0125
東京都中央区月島３丁目,1.0
東京都中央区月島４丁目,1.0
東京都中央区東日本橋１丁目,1.0
東京都中央区東日本橋２丁目,1.0
東京都中央区東日本橋３丁目,1.00625
東京都中央区湊１丁目,1.0
東京都中央区湊２丁目,1.008823529411765
東京都中央区湊３丁目,1.0
東京都中央区築地１丁目,1.0
東京都中央区築地２丁目,1.0
東京都中央区築地３丁目,1.0
東京都中央区築地４丁目,1.0
東京都中央区築地６丁目,1.0
東京都中央区築地７丁目,1.0
東京都中央区豊海町,1.0
東京都中央区銀座１丁目,1.0
東京都中央区銀座２丁目,1.025
東京都中央区銀座４丁目,1.0
東京都中央区銀座７丁目,1.0
東京都中央区銀座８丁目,1.0
東京都中野区上高田１丁目,1.0
東京都中野区上高田４丁目,1.0
東京都中野区上鷺宮１丁目,1.05
東京都中野区上鷺宮２丁目,1.0
東京都中野区上鷺宮３丁目,1.0
東京都中野区上鷺宮４丁目,1.0
東京都中野区上鷺宮５丁目,1.0
東京都中野区中央１丁目,1.0029411764705882
東京都中野区中央２丁目,1.0
東京都中野区中央３丁目,1.0
東京都中野区中央４丁目,1.0
東京都中野区中央５丁目,1.015384615384615
東京都中野区中野１丁目,1.0
東京都中野区中野２丁目,1.0
東京都中野区中野３丁目,1.0
東京都中野区中野４丁目,1.0
東京都中野区中野５丁目,1.0
東京都中野区中野６丁目,1.0083333333333333
東京都中野区丸山１丁目,1.0
東京都中野区丸山２丁目,1.0
東京都中野区南台１丁目,1.0
東京都中野区南台２丁目,1.01
東京都中野区南台３丁目,1.0
東京都中野区南台４丁目,1.0
東京都中野区南台５丁目,1.0
東京都中野区大和町１丁目,1.0
東京都中野区大和町２丁目,1.0
東京都中野区大和町３丁目,1.0
東京都中野区弥生町１丁目,1.0
東京都中野区弥生町２丁目,1.0
東京都中野区弥生町３丁目,1.0
東京都中野区弥生町４丁目,1.0
東京都中野区弥生町５丁目,1.0
東京都中野区弥生町６丁目,1.0
東京都中野区新井１丁目,1.0
東京都中野区新井２丁目,1.011111111111111
東京都中野区新井４丁目,1.018181818181818
東京都中野区新井５丁目,1.0
東京都中野区本町１丁目,1.0
東京都中野区本町２丁目,1.0
東京都中野区本町３丁目,1.0
東京都中野区本町４丁目,1.0
東京都中野区本町５丁目,1.0
東京都中野区本町６丁目,1.0
東京都中野区東中野１丁目,1.009090909090909
東京都中野区東中野２丁目,1.015
東京都中野区東中野３丁目,1.0
東京都中野区東中野４丁目,1.0
東京都中野区東中野５丁目,1.0176470588235291
東京都中野区松が丘１丁目,1.0
東京都中野区松が丘２丁目,1.0
東京都中野区江原町１丁目,1.0
東京都中野区江原町２丁目,1.0
東京都中野区江原町３丁目,1.0
東京都中野区江古田１丁目,1.0
東京都中野区江古田２丁目,1.0
東京都中野区江古田３丁目,1.0
東京都中野区江古田４丁目,1.0
東京都中野区沼袋１丁目,1.0
東京都中野区沼袋２丁目,1.0
東京都中野区沼袋４丁目,1.0
東京都中野区白鷺１丁目,1.01
東京都中野区白鷺２丁目,1.0
東京都中野区白鷺３丁目,1.0
東京都中野区若宮１丁目,1.0
東京都中野区若宮２丁目,1.0
東京都中野区若宮３丁目,1.0
東京都中野区野方１丁目,1.0
東京都中野区野方２丁目,1.0
東京都中野区野方３丁目,1.0
東京都中野区野方４丁目,1.0
東京都中野区野方５丁目,1.0
東京都中野区野方６丁目,1.0
東京都中野区鷺宮１丁目,1.0
東京都中野区鷺宮２丁目,1.0
東京都中野区鷺宮３丁目,1.0
東京都中野区鷺宮４丁目,1.0
東京都中野区鷺宮６丁目,1.0
東京都北区上中里１丁目,1.0
東京都北区上中里２丁目,1.0
東京都北区上十条１丁目,1.0
東京都北区上十条２丁目,1.14
東京都北区上十条３丁目,1.0
東京都北区上十条４丁目,1.0
東京都北区上十条５丁目,1.0
東京都北区中十条１丁目,1.0
東京都北区中十条４丁目,1.0
東京都北区中里２丁目,1.0
東京都北区中里３丁目,1.0125
東京都北区十条仲原１丁目,1.0
東京都北区十条仲原２丁目,1.0
東京都北区十条仲原４丁目,1.0
東京都北区十条台１丁目,1.0
東京都北区堀船１丁目,1.0
東京都北区堀船２丁目,1.0
東京都北区堀船３丁目,1.0
東京都北区岩淵町,1.0
東京都北区岸町１丁目,1.0
東京都北区志茂１丁目,1.0
東京都北区志茂２丁目,1.0
東京都北区志茂３丁目,1.0
東京都北区志茂４丁目,1.0
東京都北区志茂５丁目,1.0
東京都北区昭和町１丁目,1.0
東京都北区昭和町２丁目,1.0
東京都北区昭和町３丁目,1.0
東京都北区東十条１丁目,1.0
東京都北区東十条２丁目,1.0
東京都北区東十条３丁目,1.0
東京都北区東十条４丁目,1.0
東京都北区東十条６丁目,1.0
東京都北区東田端１丁目,1.0
東京都北区東田端２丁目,1.0
東京都北区栄町,1.0
東京都北区浮間１丁目,1.0
東京都北区浮間２丁目,1.0
東京都北区浮間３丁目,1.005
東京都北区浮間４丁目,1.0
東京都北区浮間５丁目,1.0
東京都北区滝野川１丁目,1.0
東京都北区滝野川２丁目,1.0
東京都北区滝野川３丁目,1.0
東京都北区滝野川４丁目,1.0
東京都北区滝野川５丁目,1.0
東京都北区滝野川６丁目,1.01
東京都北区滝野川７丁目,1.0041666666666669
東京都北区王子本町１丁目,1.0
東京都北区王子本町２丁目,1.0
東京都北区王子１丁目,1.0
東京都北区王子２丁目,1.0
東京都北区王子３丁目,1.0
東京都北区王子４丁目,1.025
東京都北区王子５丁目,1.0
東京都北区田端新町１丁目,1.0
東京都北区田端新町２丁目,1.0
東京都北区田端新町３丁目,1.0
東京都北区田端１丁目,1.0
東京都北区田端２丁目,1.0
東京都北区田端３丁目,1.0
東京都北区田端５丁目,1.0
東京都北区田端６丁目,1.0
東京都北区神谷１丁目,1.0
東京都北区神谷２丁目,1.05
東京都北区神谷３丁目,1.0
東京都北区西ケ原１丁目,1.009090909090909
東京都北区西ケ原２丁目,1.0
東京都北区西ケ原３丁目,1.0
東京都北区西ケ原４丁目,1.0
東京都北区豊島１丁目,1.0
東京都北区豊島２丁目,1.0
東京都北区豊島３丁目,1.0
東京都北区豊島４丁目,1.0
東京都北区豊島５丁目,1.0
東京都北区豊島７丁目,1.0
東京都北区豊島８丁目,1.0333333333333334
東京都北区赤羽北１丁目,1.0
東京都北区赤羽北２丁目,1.0
東京都北区赤羽北３丁目,1.0
東京都北区赤羽南１丁目,1.0
東京都北区赤羽南２丁目,1.02
東京都北区赤羽台３丁目,1.0
東京都北区赤羽台４丁目,1.0
東京都北区赤羽西１丁目,1.0
東京都北区赤羽西２丁目,1.0
東京都北区赤羽西４丁目,1.0
東京都北区赤羽西６丁目,1.0166666666666666
東京都北区赤羽１丁目,1.0
東京都北区赤羽２丁目,1.0125
東京都千代田区一番町,1.0227272727272727
東京都千代田区三番町,1.0
東京都千代田区九段北４丁目,1.0
東京都千代田区九段南２丁目,1.0
東京都千代田区九段南３丁目,1.0
東京都千代田区九段南４丁目,1.0
東京都千代田区二番町,1.0
東京都千代田区五番町,1.0
東京都千代田区六番町,1.0125
東京都千代田区内神田１丁目,1.0
東京都千代田区内神田３丁目,1.0
東京都千代田区四番町,1.022222222222222
東京都千代田区外神田２丁目,1.0
東京都千代田区外神田３丁目,1.0
東京都千代田区外神田４丁目,1.0
東京都千代田区外神田５丁目,1.0
東京都千代田区外神田６丁目,1.0333333333333334
東京都千代田区富士見１丁目,1.0571428571428572
東京都千代田区富士見２丁目,1.068181818181818
東京都千代田区岩本町１丁目,1.0
東京都千代田区岩本町２丁目,1.0
東京都千代田区岩本町３丁目,1.0
東京都千代田区平河町１丁目,1.0
東京都千代田区平河町２丁目,1.0
東京都千代田区東神田１丁目,1.0
東京都千代田区東神田２丁目,1.0
東京都千代田区東神田３丁目,1.0
東京都千代田区永田町２丁目,1.0
東京都千代田区神田三崎町３丁目,1.0
東京都千代田区神田佐久間町３丁目,1.0
東京都千代田区神田佐久間町４丁目,1.0
東京都千代田区神田司町２丁目,1.0
東京都千代田区神田和泉町,1.0
東京都千代田区神田多町２丁目,1.0
東京都千代田区神田富山町,1.0
東京都千代田区神田小川町１丁目,1.0
東京都千代田区神田小川町３丁目,1.0
東京都千代田区神田東松下町,1.0
東京都千代田区神田淡路町１丁目,1.0
東京都千代田区神田淡路町２丁目,1.0
東京都千代田区神田猿楽町１丁目,1.0
東京都千代田区神田猿楽町２丁目,1.0
東京都千代田区神田神保町１丁目,1.0
東京都千代田区神田神保町２丁目,1.0
東京都千代田区神田神保町３丁目,1.0
東京都千代田区神田練塀町,1.0
東京都千代田区神田美土代町,1.0
東京都千代田区神田錦町１丁目,1.0
東京都千代田区神田錦町２丁目,1.0
東京都千代田区神田錦町３丁目,1.0
東京都千代田区神田鍛冶町３丁目,1.0
東京都千代田区神田須田町１丁目,1.0
東京都千代田区神田須田町２丁目,1.0
東京都千代田区神田駿河台１丁目,1.0
東京都千代田区神田駿河台２丁目,1.0642857142857145
東京都千代田区鍛冶町２丁目,1.0
東京都千代田区隼町,1.0
東京都千代田区飯田橋１丁目,1.0
東京都千代田区飯田橋２丁目,1.0
東京都千代田区飯田橋３丁目,1.0
東京都千代田区飯田橋４丁目,1.05
東京都千代田区麹町１丁目,1.0
東京都千代田区麹町２丁目,1.0
東京都千代田区麹町３丁目,1.0
東京都千代田区麹町４丁目,1.0
東京都千代田区麹町６丁目,1.0
東京都台東区三ノ輪１丁目,1.0
東京都台東区三ノ輪２丁目,1.0
東京都台東区三筋１丁目,1.0
東京都台東区三筋２丁目,1.0
東京都台東区上野桜木１丁目,1.0
東京都台東区上野１丁目,1.0
東京都台東区上野３丁目,1.0
東京都台東区上野４丁目,1.0
東京都台東区上野５丁目,1.0
東京都台東区上野７丁目,1.0
東京都台東区下谷１丁目,1.0
東京都台東区下谷２丁目,1.0
東京都台東区下谷３丁目,1.0
東京都台東区今戸１丁目,1.0
東京都台東区今戸２丁目,1.0
東京都台東区元浅草１丁目,1.025
東京都台東区元浅草３丁目,1.0
東京都台東区元浅草４丁目,1.0
東京都台東区入谷１丁目,1.0
東京都台東区入谷２丁目,1.0
東京都台東区北上野１丁目,1.0
東京都台東区北上野２丁目,1.0
東京都台東区千束１丁目,1.0
東京都台東区千束２丁目,1.025
東京都台東区千束３丁目,1.0
東京都台東区千束４丁目,1.0
東京都台東区台東１丁目,1.0
東京都台東区台東２丁目,1.0055555555555555
東京都台東区台東３丁目,1.0
東京都台東区台東４丁目,1.0
東京都台東区寿１丁目,1.0277777777777777
東京都台東区寿３丁目,1.0071428571428571
東京都台東区小島１丁目,1.0
東京都台東区小島２丁目,1.0
東京都台東区日本堤１丁目,1.0
東京都台東区日本堤２丁目,1.0
東京都台東区東上野２丁目,1.0
東京都台東区東上野３丁目,1.0142857142857142
東京都台東区東上野４丁目,1.0
東京都台東区東上野５丁目,1.0192307692307692
東京都台東区東上野６丁目,1.0
東京都台東区東浅草１丁目,1.0
東京都台東区松が谷１丁目,1.0
東京都台東区松が谷２丁目,1.0
東京都台東区松が谷３丁目,1.02
東京都台東区松が谷４丁目,1.0
東京都台東区柳橋１丁目,1.0
東京都台東区根岸１丁目,1.0
東京都台東区根岸２丁目,1.0
東京都台東区根岸３丁目,1.0
東京都台東区根岸４丁目,1.0
東京都台東区根岸５丁目,1.0
東京都台東区橋場１丁目,1.0
東京都台東区池之端１丁目,1.0
東京都台東区池之端２丁目,1.015
東京都台東区池之端３丁目,1.0
東京都台東区池之端４丁目,1.0
東京都台東区浅草橋１丁目,1.0
東京都台東区浅草橋２丁目,1.0
東京都台東区浅草橋３丁目,1.0
東京都台東区浅草橋４丁目,1.05
東京都台東区浅草橋５丁目,1.0
東京都台東区浅草１丁目,1.0
東京都台東区浅草２丁目,1.0
東京都台東区浅草３丁目,1.0
東京都台東区浅草４丁目,1.0
東京都台東区浅草５丁目,1.0
東京都台東区浅草６丁目,1.0
東京都台東区浅草７丁目,1.0
東京都台東区清川１丁目,1.0
東京都台東区清川２丁目,1.0
東京都台東区竜泉１丁目,1.0
東京都台東区竜泉２丁目,1.0
東京都台東区竜泉３丁目,1.0
東京都台東区花川戸１丁目,1.0
東京都台東区花川戸２丁目,1.0
東京都台東区蔵前１丁目,1.0
東京都台東区蔵前２丁目,1.0
東京都台東区蔵前３丁目,1.0
東京都台東区蔵前４丁目,1.0083333333333333
東京都台東区西浅草１丁目,1.0
東京都台東区西浅草２丁目,1.0
東京都台東区西浅草３丁目,1.0
東京都台東区谷中１丁目,1.0
東京都台東区谷中７丁目,1.0
東京都台東区雷門１丁目,1.0
東京都台東区雷門２丁目,1.0
東京都台東区駒形１丁目,1.0
東京都台東区駒形２丁目,1.0
東京都台東区鳥越１丁目,1.0
東京都台東区鳥越２丁目,1.0
東京都品品川区上大崎３丁目,1.15
東京都品品川区大崎５丁目,1.0
東京都品川区上大崎１丁目,1.0
東京都品川区上大崎２丁目,1.0
東京都品川区上大崎３丁目,1.0818181818181818
東京都品川区上大崎４丁目,1.01
東京都品川区中延２丁目,1.0
東京都品川区中延４丁目,1.0
東京都品川区中延６丁目,1.05
東京都品川区二葉１丁目,1.0
東京都品川区二葉３丁目,1.0
東京都品川区八潮５丁目,1.0
東京都品川区勝島１丁目,1.01875
東京都品川区北品川１丁目,1.0
東京都品川区北品川２丁目,1.0
東京都品川区北品川３丁目,1.0
東京都品川区北品川４丁目,1.0
東京都品川区北品川５丁目,1.0107142857142857
東京都品川区北品川６丁目,1.0
東京都品川区南品川２丁目,1.0
東京都品川区南品川３丁目,1.0
東京都品川区南品川４丁目,1.0
東京都品川区南品川５丁目,1.0
東京都品川区南品川６丁目,1.0
東京都品川区南大井１丁目,1.0
東京都品川区南大井２丁目,1.0
東京都品川区南大井３丁目,1.0
東京都品川区南大井４丁目,1.0
東京都品川区南大井５丁目,1.0
東京都品川区南大井６丁目,1.0
東京都品川区大井１丁目,1.008823529411765
東京都品川区大井２丁目,1.0
東京都品川区大井３丁目,1.0
東京都品川区大井４丁目,1.0
東京都品川区大井５丁目,1.0
東京都品川区大井６丁目,1.0
東京都品川区大崎１丁目,1.0125
東京都品川区大崎２丁目,1.0
東京都品川区大崎３丁目,1.0
東京都品川区大崎４丁目,1.0
東京都品川区大崎５丁目,1.0
東京都品川区小山台１丁目,1.0
東京都品川区小山台２丁目,1.0
東京都品川区小山１丁目,1.0
東京都品川区小山３丁目,1.015384615384615
東京都品川区小山４丁目,1.0
東京都品川区小山５丁目,1.0
東京都品川区小山６丁目,1.0
東京都品川区平塚１丁目,1.0
東京都品川区平塚２丁目,1.0
東京都品川区平塚３丁目,1.0
東京都品川区戸越１丁目,1.0
東京都品川区戸越３丁目,1.0
東京都品川区戸越５丁目,1.0
東京都品川区戸越６丁目,1.0
東京都品川区旗の台２丁目,1.0
東京都品川区旗の台５丁目,1.0
東京都品川区旗の台６丁目,1.0
東京都品川区東中延１丁目,1.0
東京都品川区東五反田１丁目,1.0
東京都品川区東五反田２丁目,1.04
東京都品川区東五反田３丁目,1.0
東京都品川区東五反田４丁目,1.0
東京都品川区東五反田５丁目,1.0
東京都品川区東品川１丁目,1.0
東京都品川区東品川２丁目,1.0
東京都品川区東品川３丁目,1.0
東京都品川区東品川４丁目,1.0847826086956522
東京都品川区東品川５丁目,1.0
東京都品川区東大井１丁目,1.0
東京都品川区東大井２丁目,1.0
東京都品川区東大井３丁目,1.0
東京都品川区東大井４丁目,1.0
東京都品川区東大井５丁目,1.0055555555555555
東京都品川区荏原１丁目,1.0
東京都品川区荏原２丁目,1.0
東京都品川区荏原３丁目,1.0
東京都品川区荏原４丁目,1.0
東京都品川区荏原５丁目,1.0
東京都品川区荏原６丁目,1.0
東京都品川区西中延１丁目,1.0
東京都品川区西中延２丁目,1.0
東京都品川区西五反田１丁目,1.0
東京都品川区西五反田２丁目,1.021875
東京都品川区西五反田３丁目,1.035294117647059
東京都品川区西五反田４丁目,1.0
東京都品川区西五反田５丁目,1.0
東京都品川区西五反田６丁目,1.0125
東京都品川区西五反田７丁目,1.0
東京都品川区西五反田８丁目,1.0
東京都品川区西品川１丁目,1.0
東京都品川区西品川３丁目,1.0
東京都品川区西大井１丁目,1.0
東京都品川区西大井３丁目,1.0
東京都品川区西大井６丁目,1.0
東京都品川区豊町１丁目,1.0
東京都品川区豊町２丁目,1.0
東京都品川区豊町３丁目,1.0
東京都品川区豊町４丁目,1.0
東京都品盤区北品川５丁目,1.0
東京都墨田区両国１丁目,1.0
東京都墨田区両国２丁目,1.0
東京都墨田区両国３丁目,1.0
東京都墨田区亀沢１丁目,1.0
東京都墨田区亀沢２丁目,1.0
東京都墨田区亀沢３丁目,1.0
東京都墨田区亀沢４丁目,1.0
東京都墨田区京島１丁目,1.0055555555555555
東京都墨田区京島２丁目,1.0
東京都墨田区京島３丁目,1.0
東京都墨田区八広２丁目,1.0
東京都墨田区八広３丁目,1.0
東京都墨田区八広４丁目,1.0
東京都墨田区八広５丁目,1.0
東京都墨田区八広６丁目,1.0
東京都墨田区千歳１丁目,1.0
東京都墨田区千歳２丁目,1.0
東京都墨田区千歳３丁目,1.0
東京都墨田区向島１丁目,1.0
東京都墨田区向島２丁目,1.0035714285714286
東京都墨田区向島３丁目,1.0041666666666669
東京都墨田区向島４丁目,1.0
東京都墨田区向島５丁目,1.0
東京都墨田区吾妻橋１丁目,1.0
東京都墨田区吾妻橋２丁目,1.0
東京都墨田区吾妻橋３丁目,1.0
東京都墨田区堤通１丁目,1.0
東京都墨田区堤通２丁目,1.0
東京都墨田区墨田１丁目,1.0
東京都墨田区墨田２丁目,1.0
東京都墨田区墨田３丁目,1.0
東京都墨田区墨田４丁目,1.0
東京都墨田区墨田５丁目,1.0
東京都墨田区太平１丁目,1.0
東京都墨田区太平２丁目,1.0
東京都墨田区太平３丁目,1.025
東京都墨田区太平４丁目,1.0642857142857145
東京都墨田区押上１丁目,1.0
東京都墨田区押上２丁目,1.0
東京都墨田区押上３丁目,1.0
東京都墨田区文花１丁目,1.0
東京都墨田区文花２丁目,1.0
東京都墨田区文花３丁目,1.0
東京都墨田区本所１丁目,1.0
東京都墨田区本所２丁目,1.0
東京都墨田区本所３丁目,1.0
東京都墨田区本所４丁目,1.0
東京都墨田区東向島１丁目,1.0
東京都墨田区東向島２丁目,1.0
東京都墨田区東向島３丁目,1.0
東京都墨田区東向島４丁目,1.0
東京都墨田区東向島５丁目,1.0
東京都墨田区東向島６丁目,1.0
東京都墨田区東墨田２丁目,1.0
東京都墨田区東墨田３丁目,1.0
東京都墨田区東駒形１丁目,1.0
東京都墨田区東駒形２丁目,1.0
東京都墨田区東駒形３丁目,1.0
東京都墨田区東駒形４丁目,1.0
東京都墨田区業平１丁目,1.0
東京都墨田区業平２丁目,1.0
東京都墨田区業平３丁目,1.0
東京都墨田区業平４丁目,1.0
東京都墨田区業平５丁目,1.0
東京都墨田区横川２丁目,1.0
東京都墨田区横川４丁目,1.0
東京都墨田区横川５丁目,1.0
東京都墨田区横網１丁目,1.0
東京都墨田区横網２丁目,1.0
東京都墨田区江東橋１丁目,1.0
東京都墨田区江東橋２丁目,1.0333333333333334
東京都墨田区江東橋３丁目,1.0
東京都墨田区江東橋４丁目,1.0
東京都墨田区江東橋５丁目,1.0
東京都墨田区石原１丁目,1.0
東京都墨田区石原２丁目,1.0
東京都墨田区石原３丁目,1.0
東京都墨田区石原４丁目,1.0
東京都墨田区立川１丁目,1.0
東京都墨田区立川２丁目,1.0
東京都墨田区立川３丁目,1.0
東京都墨田区立川４丁目,1.0
東京都墨田区立花１丁目,1.0
東京都墨田区立花３丁目,1.0083333333333333
東京都墨田区立花４丁目,1.0
東京都墨田区立花５丁目,1.0
東京都墨田区立花６丁目,1.0
東京都墨田区緑１丁目,1.0
東京都墨田区緑２丁目,1.0
東京都墨田区緑３丁目,1.0
東京都墨田区緑４丁目,1.02
東京都墨田区菊川１丁目,1.0
東京都墨田区菊川２丁目,1.01
東京都墨田区菊川３丁目,1.0
東京都墨田区錦糸１丁目,1.0
東京都墨田区錦糸３丁目,1.0
東京都墨田区錦糸４丁目,1.0
東京都大田区上池台１丁目,1.0
東京都大田区上池台２丁目,1.0
東京都大田区上池台３丁目,1.0
東京都大田区上池台４丁目,1.0
東京都大田区上池台５丁目,1.0071428571428571
東京都大田区下丸子１丁目,1.0
東京都大田区下丸子２丁目,1.0
東京都大田区下丸子４丁目,1.0
東京都大田区中央１丁目,1.0
東京都大田区中央２丁目,1.0
東京都大田区中央４丁目,1.0
東京都大田区中央５丁目,1.0
東京都大田区中央７丁目,1.0
東京都大田区中央８丁目,1.0
東京都大田区中馬込１丁目,1.0
東京都大田区中馬込２丁目,1.0
東京都大田区中馬込３丁目,1.0
東京都大田区久が原１丁目,1.0
東京都大田区久が原２丁目,1.0
東京都大田区久が原５丁目,1.0
東京都大田区仲六郷１丁目,1.0
東京都大田区仲六郷２丁目,1.0
東京都大田区仲六郷３丁目,1.0
東京都大田区仲六郷４丁目,1.0
東京都大田区仲池上１丁目,1.0
東京都大田区仲池上２丁目,1.0
東京都大田区北千束１丁目,1.05
東京都大田区北千束２丁目,1.0
東京都大田区北嶺町,1.0
東京都大田区北糀谷１丁目,1.0
東京都大田区北糀谷２丁目,1.025
東京都大田区北馬込１丁目,1.0
東京都大田区北馬込２丁目,1.0
東京都大田区千鳥１丁目,1.0
東京都大田区千鳥２丁目,1.0
東京都大田区千鳥３丁目,1.0
東京都大田区南久が原２丁目,1.0
東京都大田区南六郷１丁目,1.0
東京都大田区南六郷２丁目,1.0
東京都大田区南六郷３丁目,1.0
東京都大田区南千束１丁目,1.0
東京都大田区南千束３丁目,1.0
東京都大田区南蒲田１丁目,1.0
東京都大田区南蒲田２丁目,1.0
東京都大田区南蒲田３丁目,1.0
東京都大田区南雪谷１丁目,1.0
東京都大田区南雪谷２丁目,1.0
東京都大田区南雪谷３丁目,1.0
東京都大田区南雪谷５丁目,1.0
東京都大田区南馬込１丁目,1.0
東京都大田区南馬込２丁目,1.0
東京都大田区南馬込３丁目,1.0
東京都大田区南馬込４丁目,1.0
東京都大田区南馬込５丁目,1.0
東京都大田区南馬込６丁目,1.0
東京都大田区多摩川１丁目,1.0
東京都大田区多摩川２丁目,1.0
東京都大田区大森中１丁目,1.0
東京都大田区大森中２丁目,1.0
東京都大田区大森北１丁目,1.0
東京都大田区大森北２丁目,1.0
東京都大田区大森北３丁目,1.0
東京都大田区大森北４丁目,1.0
東京都大田区大森北５丁目,1.0
東京都大田区大森北６丁目,1.0
東京都大田区大森南２丁目,1.0
東京都大田区大森南３丁目,1.0
東京都大田区大森本町１丁目,1.0
東京都大田区大森本町２丁目,1.0
東京都大田区大森東２丁目,1.0
東京都大田区大森東４丁目,1.0
東京都大田区大森西１丁目,1.0
東京都大田区大森西２丁目,1.0
東京都大田区大森西３丁目,1.0
東京都大田区大森西４丁目,1.0166666666666666
東京都大田区大森西５丁目,1.0
東京都大田区大森西６丁目,1.0
東京都大田区山王１丁目,1.0
東京都大田区山王２丁目,1.0125
東京都大田区山王３丁目,1.0285714285714285
東京都大田区山王４丁目,1.0
東京都大田区新蒲田１丁目,1.0
東京都大田区新蒲田３丁目,1.0
東京都大田区本羽田１丁目,1.0
東京都大田区本羽田２丁目,1.0
東京都大田区本羽田３丁目,1.0
東京都大田区東六郷１丁目,1.0
東京都大田区東六郷２丁目,1.0
東京都大田区東六郷３丁目,1.0
東京都大田区東矢口２丁目,1.0
東京都大田区東矢口３丁目,1.0
東京都大田区東糀谷１丁目,1.0
東京都大田区東糀谷４丁目,1.0
東京都大田区東雪谷１丁目,1.0
東京都大田区東雪谷２丁目,1.0
東京都大田区東雪谷４丁目,1.0
東京都大田区東雪谷５丁目,1.0
東京都大田区池上２丁目,1.0
東京都大田区池上３丁目,1.0
東京都大田区池上５丁目,1.0
東京都大田区池上６丁目,1.0
東京都大田区池上７丁目,1.0
東京都大田区田園調布南,1.00625
東京都大田区田園調布本町,1.0
東京都大田区田園調布１丁目,1.0083333333333333
東京都大田区田園調布２丁目,1.0
東京都大田区矢口１丁目,1.0
東京都大田区矢口２丁目,1.0
東京都大田区矢口３丁目,1.0
東京都大田区石川町１丁目,1.0
東京都大田区石川町２丁目,1.0
東京都大田区羽田１丁目,1.0
東京都大田区羽田２丁目,1.0
東京都大田区羽田３丁目,1.0
東京都大田区羽田４丁目,1.0
東京都大田区羽田６丁目,1.0
東京都大田区萩中１丁目,1.0
東京都大田区萩中２丁目,1.0
東京都大田区萩中３丁目,1.0
東京都大田区蒲田本町１丁目,1.0
東京都大田区蒲田本町２丁目,1.0
東京都大田区蒲田１丁目,1.0142857142857142
東京都大田区蒲田３丁目,1.0
東京都大田区蒲田４丁目,1.0214285714285714
東京都大田区蒲田５丁目,1.0
東京都大田区西六郷１丁目,1.0
東京都大田区西六郷３丁目,1.0444444444444445
東京都大田区西六郷４丁目,1.0
東京都大田区西糀谷２丁目,1.0
東京都大田区西糀谷３丁目,1.0
東京都大田区西糀谷４丁目,1.0
東京都大田区西蒲田１丁目,1.0
東京都大田区西蒲田２丁目,1.0
東京都大田区西蒲田４丁目,1.0
東京都大田区西蒲田６丁目,1.0
東京都大田区西蒲田７丁目,1.0
東京都大田区西蒲田８丁目,1.0
東京都大田区西馬込１丁目,1.025
東京都大田区西馬込２丁目,1.0
東京都大田区雪谷大塚町,1.0
東京都大田区鵜の木１丁目,1.01
東京都大田区鵜の木２丁目,1.0
東京都大田区鵜の木３丁目,1.0
東京都文京区千石１丁目,1.025
東京都文京区千石２丁目,1.0058823529411764
東京都文京区千石３丁目,1.01
東京都文京区千石４丁目,1.0
東京都文京区千駄木１丁目,1.0
東京都文京区千駄木２丁目,1.0055555555555555
東京都文京区千駄木３丁目,1.0
東京都文京区千駄木４丁目,1.0
東京都文京区千駄木５丁目,1.0
東京都文京区向丘１丁目,1.0
東京都文京区向丘２丁目,1.0
東京都文京区大塚１丁目,1.0
東京都文京区大塚２丁目,1.0
東京都文京区大塚３丁目,1.0
東京都文京区大塚４丁目,1.0
東京都文京区大塚５丁目,1.0
東京都文京区大塚６丁目,1.011111111111111
東京都文京区小日向１丁目,1.0
東京都文京区小日向２丁目,1.0
東京都文京区小日向４丁目,1.0
東京都文京区小石川１丁目,1.035294117647059
東京都文京区小石川２丁目,1.0076923076923077
東京都文京区小石川３丁目,1.0
東京都文京区小石川４丁目,1.0071428571428571
東京都文京区小石川５丁目,1.0
東京都文京区弥生２丁目,1.0
東京都文京区後楽１丁目,1.0
東京都文京区後楽２丁目,1.0
東京都文京区春日１丁目,1.0
東京都文京区春日２丁目,1.0
東京都文京区本郷１丁目,1.015625
東京都文京区本郷２丁目,1.0
東京都文京区本郷３丁目,1.005
東京都文京区本郷４丁目,1.015
東京都文京区本郷５丁目,1.0214285714285714
東京都文京区本郷６丁目,1.0071428571428571
東京都文京区本郷７丁目,1.0
東京都文京区本駒込１丁目,1.0045454545454546
東京都文京区本駒込２丁目,1.0083333333333333
東京都文京区本駒込４丁目,1.0
東京都文京区本駒込５丁目,1.00625
東京都文京区本駒込６丁目,1.0
東京都文京区根津１丁目,1.0
東京都文京区根津２丁目,1.0
東京都文京区水道１丁目,1.0
東京都文京区水道２丁目,1.0045454545454546
東京都文京区湯島１丁目,1.0
東京都文京区湯島２丁目,1.0083333333333333
東京都文京区湯島３丁目,1.0058823529411764
東京都文京区湯島４丁目,1.0
東京都文京区白山１丁目,1.0
東京都文京区白山２丁目,1.0
東京都文京区白山３丁目,1.0
東京都文京区白山４丁目,1.0
東京都文京区白山５丁目,1.0
東京都文京区目白台１丁目,1.0
東京都文京区目白台２丁目,1.0
東京都文京区目白台３丁目,1.0
東京都文京区西片１丁目,1.0
東京都文京区西片２丁目,1.0
東京都文京区関口１丁目,1.0027777777777778
東京都文京区関口２丁目,1.0
東京都文京区関口３丁目,1.0
東京都文京区音羽１丁目,1.0
東京都文京区音羽２丁目,1.0
東京都新宿区上落合１丁目,1.0
東京都新宿区上落合２丁目,1.0
東京都新宿区上落合３丁目,1.0
東京都新宿区下宮比町,1.0
東京都新宿区下落合１丁目,1.02
東京都新宿区下落合２丁目,1.0
東京都新宿区下落合３丁目,1.0
東京都新宿区下落合４丁目,1.0
東京都新宿区中井１丁目,1.0
東京都新宿区中井２丁目,1.0375
東京都新宿区中町,1.0
東京都新宿区中落合１丁目,1.0
東京都新宿区中落合２丁目,1.025
東京都新宿区中落合３丁目,1.0
東京都新宿区中落合４丁目,1.0
東京都新宿区中里町,1.0
東京都新宿区住吉町,1.0
東京都新宿区余丁町,1.0
東京都新宿区信濃町,1.0
東京都新宿区内藤町,1.0
東京都新宿区北山伏町,1.05
東京都新宿区北新宿１丁目,1.0
東京都新宿区北新宿２丁目,1.0
東京都新宿区北新宿３丁目,1.0
東京都新宿区北新宿４丁目,1.0
東京都新宿区北町,1.0
東京都新宿区南元町,1.0
東京都新宿区南山伏町,1.0
東京都新宿区南榎町,1.0
東京都新宿区南町,1.0333333333333334
東京都新宿区原町１丁目,1.0
東京都新宿区原町２丁目,1.0
東京都新宿区原町３丁目,1.0
東京都新宿区四谷三栄町,1.01
東京都新宿区四谷坂町,1.01
東京都新宿区四谷１丁目,1.0
東京都新宿区四谷２丁目,1.0
東京都新宿区四谷４丁目,1.0
東京都新宿区大久保１丁目,1.0
東京都新宿区大久保２丁目,1.01875
東京都新宿区大久保３丁目,1.0
東京都新宿区大京町,1.0
東京都新宿区富久町,1.003125
東京都新宿区山吹町,1.0
東京都新宿区岩戸町,1.025
東京都新宿区左門町,1.0
東京都新宿区市谷仲之町,1.0416666666666667
東京都新宿区市谷加賀町２丁目,1.0
東京都新宿区市谷本村町,1.0
東京都新宿区市谷柳町,1.0
東京都新宿区市谷田町２丁目,1.0
東京都新宿区市谷田町３丁目,1.0
東京都新宿区市谷甲良町,1.0
東京都新宿区市谷砂土原町３丁目,1.0
東京都新宿区市谷薬王寺町,1.0
東京都新宿区弁天町,1.0
東京都新宿区愛住町,1.0
東京都新宿区戸山１丁目,1.0166666666666666
東京都新宿区戸山３丁目,1.0
東京都新宿区払方町,1.0
東京都新宿区新宿１丁目,1.0
東京都新宿区新宿２丁目,1.0
東京都新宿区新宿５丁目,1.0
東京都新宿区新宿６丁目,1.0
東京都新宿区新宿７丁目,1.0
東京都新宿区新小川町,1.0
東京都新宿区早稲田町,1.0
東京都新宿区早稲田鶴巻町,1.0
東京都新宿区東榎町,1.0
東京都新宿区横寺町,1.05
東京都新宿区歌舞伎町２丁目,1.0
東京都新宿区水道町,1.0
東京都新宿区白銀町,1.0
東京都新宿区百人町１丁目,1.0
東京都新宿区百人町２丁目,1.0
東京都新宿区百人町３丁目,1.0
東京都新宿区矢来町,1.0125
東京都新宿区神楽坂２丁目,1.0
東京都新宿区筑土八幡町,1.025
東京都新宿区箪笥町,1.0
東京都新宿区納戸町,1.05
東京都新宿区舟町,1.00625
東京都新宿区若宮町,1.0
東京都新宿区若松町,1.011111111111111
東京都新宿区若葉１丁目,1.0
東京都新宿区若葉２丁目,1.0
東京都新宿区荒木町,1.0
東京都新宿区西五軒町,1.0
東京都新宿区西新宿３丁目,1.0
東京都新宿区西新宿４丁目,1.0
東京都新宿区西新宿５丁目,1.03
東京都新宿区西新宿６丁目,1.0
東京都新宿区西新宿７丁目,1.0
東京都新宿区西新宿８丁目,1.0
東京都新宿区西早稲田１丁目,1.009090909090909
東京都新宿区西早稲田２丁目,1.0
東京都新宿区西早稲田３丁目,1.0
東京都新宿区西落合１丁目,1.0
東京都新宿区西落合２丁目,1.0
東京都新宿区西落合３丁目,1.0
東京都新宿区西落合４丁目,1.0
東京都新宿区赤城下町,1.0
東京都新宿区高田馬場１丁目,1.0
東京都新宿区高田馬場２丁目,1.0
東京都新宿区高田馬場３丁目,1.0
東京都新宿区高田馬場４丁目,1.0038461538461538
東京都杉並区上井草１丁目,1.05
東京都杉並区上井草２丁目,1.0
東京都杉並区上井草３丁目,1.0
東京都杉並区上荻１丁目,1.0
東京都杉並区上荻２丁目,1.0
東京都杉並区上荻３丁目,1.0
東京都杉並区上荻４丁目,1.0
東京都杉並区上高井戸１丁目,1.0
東京都杉並区上高井戸２丁目,1.0
東京都杉並区上高井戸３丁目,1.0
東京都杉並区下井草１丁目,1.0
東京都杉並区下井草２丁目,1.0
東京都杉並区下井草３丁目,1.0
東京都杉並区下井草４丁目,1.0
東京都杉並区下井草５丁目,1.0
東京都杉並区下高井戸１丁目,1.0
東京都杉並区下高井戸２丁目,1.0
東京都杉並区下高井戸３丁目,1.0
東京都杉並区下高井戸４丁目,1.0
東京都杉並区下高井戸５丁目,1.0
東京都杉並区久我山１丁目,1.03
東京都杉並区久我山３丁目,1.0
東京都杉並区久我山４丁目,1.0
東京都杉並区久我山５丁目,1.0
東京都杉並区井草１丁目,1.0
東京都杉並区井草２丁目,1.0
東京都杉並区井草３丁目,1.0
東京都杉並区井草４丁目,1.0
東京都杉並区今川２丁目,1.0
東京都杉並区今川３丁目,1.0
東京都杉並区今川４丁目,1.0
東京都杉並区南荻窪２丁目,1.0
東京都杉並区南荻窪４丁目,1.0
東京都杉並区和泉１丁目,1.0
東京都杉並区和泉２丁目,1.0
東京都杉並区和泉３丁目,1.0
東京都杉並区和泉４丁目,1.025
東京都杉並区和田１丁目,1.0
東京都杉並区和田２丁目,1.009090909090909
東京都杉並区和田３丁目,1.0
東京都杉並区善福寺１丁目,1.0
東京都杉並区善福寺４丁目,1.0
東京都杉並区堀ノ内１丁目,1.025
東京都杉並区堀ノ内２丁目,1.0029411764705882
東京都杉並区堀ノ内３丁目,1.0
東京都杉並区大宮２丁目,1.025
東京都杉並区天沼２丁目,1.0
東京都杉並区天沼３丁目,1.0
東京都杉並区宮前１丁目,1.0
東京都杉並区宮前３丁目,1.0166666666666666
東京都杉並区宮前４丁目,1.0
東京都杉並区宮前５丁目,1.0166666666666666
東京都杉並区成田東１丁目,1.0
東京都杉並区成田東２丁目,1.05
東京都杉並区成田東４丁目,1.0375
東京都杉並区成田東５丁目,1.005
東京都杉並区成田西１丁目,1.0
東京都杉並区成田西２丁目,1.0
東京都杉並区成田西４丁目,1.0
東京都杉並区方南１丁目,1.0
東京都杉並区方南２丁目,1.0208333333333333
東京都杉並区本天沼２丁目,1.0
東京都杉並区本天沼３丁目,1.0
東京都杉並区松庵１丁目,1.0
東京都杉並区松庵２丁目,1.0
東京都杉並区松庵３丁目,1.0
東京都杉並区桃井２丁目,1.0
東京都杉並区桃井３丁目,1.0
東京都杉並区桃井４丁目,1.0
東京都杉並区梅里１丁目,1.0
東京都杉並区梅里２丁目,1.0
東京都杉並区永福１丁目,1.0
東京都杉並区永福２丁目,1.0
東京都杉並区永福３丁目,1.0
東京都杉並区永福４丁目,1.0
東京都杉並区浜田山１丁目,1.05
東京都杉並区浜田山２丁目,1.0
東京都杉並区浜田山３丁目,1.025
東京都杉並区浜田山４丁目,1.0045454545454546
東京都杉並区清水１丁目,1.0
東京都杉並区清水２丁目,1.0
東京都杉並区清水３丁目,1.0
東京都杉並区荻窪１丁目,1.0
東京都杉並区荻窪２丁目,1.0
東京都杉並区荻窪３丁目,1.0291666666666666
東京都杉並区荻窪４丁目,1.011111111111111
東京都杉並区荻窪５丁目,1.003125
東京都杉並区西荻北１丁目,1.0
東京都杉並区西荻北２丁目,1.01
東京都杉並区西荻北３丁目,1.0
東京都杉並区西荻北４丁目,1.0
東京都杉並区西荻北５丁目,1.0
東京都杉並区西荻南２丁目,1.005
東京都杉並区西荻南３丁目,1.0
東京都杉並区西荻南４丁目,1.0
東京都杉並区阿佐谷北１丁目,1.0
東京都杉並区阿佐谷北４丁目,1.0
東京都杉並区阿佐谷北５丁目,1.0
東京都杉並区阿佐谷南１丁目,1.0
東京都杉並区阿佐谷南２丁目,1.0
東京都杉並区阿佐谷南３丁目,1.0083333333333333
東京都杉並区高井戸東１丁目,1.0
東京都杉並区高井戸東２丁目,1.0
東京都杉並区高井戸東３丁目,1.0
東京都杉並区高井戸東４丁目,1.0166666666666666
東京都杉並区高井戸西１丁目,1.0
東京都杉並区高井戸西２丁目,1.05
東京都杉並区高円寺北１丁目,1.0
東京都杉並区高円寺北２丁目,1.0
東京都杉並区高円寺北３丁目,1.0
東京都杉並区高円寺北４丁目,1.0
東京都杉並区高円寺南１丁目,1.0
東京都杉並区高円寺南２丁目,1.0
東京都杉並区高円寺南３丁目,1.0166666666666666
東京都杉並区高円寺南４丁目,1.0
東京都杉並区高円寺南５丁目,1.005
東京都板橋区三園１丁目,1.0
東京都板橋区上板橋１丁目,1.0
東京都板橋区上板橋２丁目,1.0
東京都板橋区中丸町,1.015
東京都板橋区中台１丁目,1.0
東京都板橋区中台２丁目,1.0
東京都板橋区中台３丁目,1.0
東京都板橋区中板橋,1.0
東京都板橋区仲宿,1.0071428571428571
東京都板橋区前野町１丁目,1.0
東京都板橋区前野町２丁目,1.0
東京都板橋区前野町３丁目,1.0
東京都板橋区前野町４丁目,1.0
東京都板橋区前野町５丁目,1.0
東京都板橋区前野町６丁目,1.0
東京都板橋区加賀１丁目,1.018181818181818
東京都板橋区加賀２丁目,1.0
東京都板橋区南常盤台１丁目,1.0
東京都板橋区南常盤台２丁目,1.0
東京都板橋区南町,1.0
東京都板橋区双葉町,1.0
東京都板橋区向原１丁目,1.0
東京都板橋区向原２丁目,1.0
東京都板橋区向原３丁目,1.0
東京都板橋区四葉１丁目,1.0
東京都板橋区坂下１丁目,1.0
東京都板橋区坂下２丁目,1.0
東京都板橋区坂下３丁目,1.0045454545454546
東京都板橋区大原町,1.0
東京都板橋区大和町,1.0
東京都板橋区大山東町,1.0
東京都板橋区大山町,1.0
東京都板橋区大山西町,1.0083333333333333
東京都板橋区大山金井町,1.0
東京都板橋区大谷口上町,1.0
東京都板橋区大谷口北町,1.0
東京都板橋区大谷口２丁目,1.0
東京都板橋区宮本町,1.0
東京都板橋区富士見町,1.0
東京都板橋区小茂根１丁目,1.0214285714285714
東京都板橋区小茂根２丁目,1.01
東京都板橋区小茂根３丁目,1.0
東京都板橋区小茂根４丁目,1.0
東京都板橋区小豆沢１丁目,1.0
東京都板橋区小豆沢２丁目,1.0083333333333333
東京都板橋区小豆沢３丁目,1.0
東京都板橋区小豆沢４丁目,1.0
東京都板橋区常盤台１丁目,1.0
東京都板橋区常盤台２丁目,1.0
東京都板橋区常盤台３丁目,1.0
東京都板橋区常盤台４丁目,1.0
東京都板橋区幸町,1.0
東京都板橋区弥生町,1.0
東京都板橋区徳丸１丁目,1.0
東京都板橋区徳丸２丁目,1.0
東京都板橋区徳丸３丁目,1.0
東京都板橋区徳丸４丁目,1.0
東京都板橋区徳丸６丁目,1.0
東京都板橋区志村１丁目,1.0125
東京都板橋区志村２丁目,1.0
東京都板橋区志村３丁目,1.0
東京都板橋区成増１丁目,1.0038461538461538
東京都板橋区成増２丁目,1.0166666666666666
東京都板橋区成増３丁目,1.011111111111111
東京都板橋区成増４丁目,1.0
東京都板橋区成増５丁目,1.0
東京都板橋区新河岸３丁目,1.0
東京都板橋区本町,1.0
東京都板橋区東坂下１丁目,1.0
東京都板橋区東坂下２丁目,1.0
東京都板橋区東新町１丁目,1.0
東京都板橋区東新町２丁目,1.0
東京都板橋区板橋１丁目,1.0
東京都板橋区板橋２丁目,1.0
東京都板橋区板橋３丁目,1.0
東京都板橋区板橋４丁目,1.0
東京都板橋区栄町,1.0
東京都板橋区桜川２丁目,1.0
東京都板橋区氷川町,1.0
東京都板橋区清水町,1.0
東京都板橋区熊野町,1.0
東京都板橋区相生町,1.0
東京都板橋区舟渡１丁目,1.0
東京都板橋区舟渡２丁目,1.0
東京都板橋区舟渡３丁目,1.0
東京都板橋区若木１丁目,1.0
東京都板橋区若木２丁目,1.0
東京都板橋区若木３丁目,1.0
東京都板橋区蓮根１丁目,1.0
東京都板橋区蓮根２丁目,1.0
東京都板橋区蓮根３丁目,1.0214285714285714
東京都板橋区蓮沼町,1.0
東京都板橋区西台４丁目,1.0
東京都板橋区赤塚新町３丁目,1.0
東京都板橋区赤塚１丁目,1.0
東京都板橋区赤塚２丁目,1.0
東京都板橋区赤塚６丁目,1.0
東京都板橋区高島平１丁目,1.0
東京都板橋区高島平２丁目,1.0
東京都板橋区高島平３丁目,1.0
東京都板橋区高島平５丁目,1.0
東京都板橋区高島平７丁目,1.0
東京都板橋区高島平８丁目,1.0
東京都板橋区高島平９丁目,1.0
東京都江戸川区一之江町,1.0
東京都江戸川区一之江４丁目,1.0
東京都江戸川区一之江５丁目,1.0
東京都江戸川区一之江６丁目,1.0
東京都江戸川区一之江８丁目,1.0
東京都江戸川区上一色２丁目,1.0
東京都江戸川区上篠崎２丁目,1.0
東京都江戸川区中央１丁目,1.0
東京都江戸川区中央２丁目,1.0
東京都江戸川区中央３丁目,1.0
東京都江戸川区中央４丁目,1.0
東京都江戸川区中葛西１丁目,1.0
東京都江戸川区中葛西２丁目,1.0
東京都江戸川区中葛西３丁目,1.0
東京都江戸川区中葛西４丁目,1.0
東京都江戸川区中葛西５丁目,1.0
東京都江戸川区中葛西６丁目,1.0
東京都江戸川区中葛西７丁目,1.0
東京都江戸川区北小岩１丁目,1.0
東京都江戸川区北小岩２丁目,1.0
東京都江戸川区北小岩３丁目,1.0
東京都江戸川区北小岩６丁目,1.0
東京都江戸川区北篠崎２丁目,1.0
東京都江戸川区北葛西１丁目,1.05
東京都江戸川区北葛西４丁目,1.0
東京都江戸川区南小岩４丁目,1.0
東京都江戸川区南小岩５丁目,1.0
東京都江戸川区南小岩６丁目,1.1285714285714286
東京都江戸川区南小岩７丁目,1.0
東京都江戸川区南小岩８丁目,1.0
東京都江戸川区南篠崎町１丁目,1.0
東京都江戸川区南篠崎町２丁目,1.0
東京都江戸川区南篠崎町３丁目,1.0
東京都江戸川区南篠崎町４丁目,1.0
東京都江戸川区南篠崎町５丁目,1.0
東京都江戸川区南葛西１丁目,1.0
東京都江戸川区南葛西２丁目,1.0
東京都江戸川区南葛西３丁目,1.0
東京都江戸川区南葛西４丁目,1.0
東京都江戸川区南葛西５丁目,1.0
東京都江戸川区南葛西６丁目,1.0
東京都江戸川区南葛西７丁目,1.0
東京都江戸川区大杉１丁目,1.0
東京都江戸川区大杉４丁目,1.0
東京都江戸川区宇喜田町,1.0
東京都江戸川区小松川１丁目,1.25
東京都江戸川区小松川２丁目,1.0071428571428571
東京都江戸川区小松川３丁目,1.0
東京都江戸川区平井１丁目,1.0
東京都江戸川区平井２丁目,1.0
東京都江戸川区平井３丁目,1.0
東京都江戸川区平井４丁目,1.0236842105263158
東京都江戸川区平井５丁目,1.09375
東京都江戸川区平井６丁目,1.0166666666666666
東京都江戸川区平井７丁目,1.0
東京都江戸川区新堀１丁目,1.0
東京都江戸川区新堀２丁目,1.0
東京都江戸川区春江町２丁目,1.0
東京都江戸川区春江町４丁目,1.0
東京都江戸川区春江町５丁目,1.0
東京都江戸川区本一色１丁目,1.0
東京都江戸川区東小岩１丁目,1.0
東京都江戸川区東小岩４丁目,1.0
東京都江戸川区東小岩５丁目,1.0
東京都江戸川区東小松川１丁目,1.0
東京都江戸川区東小松川２丁目,1.0
東京都江戸川区東小松川３丁目,1.0
東京都江戸川区東小松川４丁目,1.0
東京都江戸川区東瑞江３丁目,1.0
東京都江戸川区東葛西１丁目,1.0
東京都江戸川区東葛西２丁目,1.0
東京都江戸川区東葛西４丁目,1.0
東京都江戸川区東葛西５丁目,1.0
東京都江戸川区東葛西６丁目,1.0
東京都江戸川区東葛西７丁目,1.0
東京都江戸川区東葛西８丁目,1.0
東京都江戸川区東葛西９丁目,1.0
東京都江戸川区松島１丁目,1.0
東京都江戸川区松島２丁目,1.0
東京都江戸川区松島３丁目,1.0
東京都江戸川区松島４丁目,1.0
東京都江戸川区松江１丁目,1.0
東京都江戸川区松江２丁目,1.0
東京都江戸川区松江３丁目,1.0
東京都江戸川区松江４丁目,1.0
東京都江戸川区松江５丁目,1.0
東京都江戸川区松江６丁目,1.0
東京都江戸川区松江７丁目,1.0
東京都江戸川区江戸川２丁目,1.0
東京都江戸川区江戸川４丁目,1.0
東京都江戸川区江戸川６丁目,1.0
東京都江戸川区清新町１丁目,1.0
東京都江戸川区清新町２丁目,1.0
東京都江戸川区瑞江１丁目,1.0
東京都江戸川区篠崎町１丁目,1.0
東京都江戸川区篠崎町２丁目,1.0
東京都江戸川区篠崎町３丁目,1.0
東京都江戸川区篠崎町４丁目,1.0
東京都江戸川区篠崎町７丁目,1.0
東京都江戸川区臨海町５丁目,1.0
東京都江戸川区船堀１丁目,1.0
東京都江戸川区船堀２丁目,1.0
東京都江戸川区船堀３丁目,1.022222222222222
東京都江戸川区船堀４丁目,1.0
東京都江戸川区船堀５丁目,1.0
東京都江戸川区船堀６丁目,1.0
東京都江戸川区船堀７丁目,1.0
東京都江戸川区西一之江３丁目,1.0
東京都江戸川区西一之江４丁目,1.0
東京都江戸川区西小岩１丁目,1.0
東京都江戸川区西小岩２丁目,1.0
東京都江戸川区西小岩３丁目,1.0
東京都江戸川区西小岩４丁目,1.0
東京都江戸川区西小岩５丁目,1.0
東京都江戸川区西瑞江３丁目,1.0
東京都江戸川区西瑞江４丁目,1.0
東京都江戸川区西瑞江５丁目,1.0
東京都江戸川区西葛西１丁目,1.0
東京都江戸川区西葛西２丁目,1.0018518518518518
東京都江戸川区西葛西３丁目,1.0
東京都江戸川区西葛西４丁目,1.0
東京都江戸川区西葛西５丁目,1.0
東京都江戸川区西葛西６丁目,1.0
東京都江戸川区西葛西８丁目,1.0
東京都江戸川区谷河内２丁目,1.0
東京都江戸川区鹿骨１丁目,1.0
東京都江東区三好２丁目,1.0
東京都江東区三好３丁目,1.0
東京都江東区三好４丁目,1.0
東京都江東区亀戸１丁目,1.0
東京都江東区亀戸２丁目,1.0
東京都江東区亀戸３丁目,1.0
東京都江東区亀戸４丁目,1.0
東京都江東区亀戸５丁目,1.0
東京都江東区亀戸６丁目,1.0888888888888888
東京都江東区亀戸７丁目,1.0
東京都江東区亀戸９丁目,1.0
東京都江東区住吉１丁目,1.0
東京都江東区佐賀１丁目,1.0333333333333334
東京都江東区冬木,1.0
東京都江東区北砂１丁目,1.0
東京都江東区北砂３丁目,1.0
東京都江東区北砂４丁目,1.0
東京都江東区北砂５丁目,1.0
東京都江東区北砂６丁目,1.0
東京都江東区千石１丁目,1.0
東京都江東区千石３丁目,1.0
東京都江東区南砂１丁目,1.025
東京都江東区南砂２丁目,1.0
東京都江東区南砂３丁目,1.0
東京都江東区南砂５丁目,1.0
東京都江東区南砂６丁目,1.0
東京都江東区南砂７丁目,1.0
東京都江東区古石場２丁目,1.0
東京都江東区古石場３丁目,1.0
東京都江東区塩浜１丁目,1.0
東京都江東区塩浜２丁目,1.0
東京都江東区大島１丁目,1.01
東京都江東区大島２丁目,1.0
東京都江東区大島３丁目,1.0
東京都江東区大島５丁目,1.0
東京都江東区大島７丁目,1.0125
東京都江東区大島８丁目,1.0
東京都江東区大島９丁目,1.0
東京都江東区富岡２丁目,1.0
東京都江東区平野２丁目,1.0
東京都江東区平野３丁目,1.0
東京都江東区扇橋１丁目,1.0
東京都江東区扇橋２丁目,1.0
東京都江東区扇橋３丁目,1.0
東京都江東区新大橋１丁目,1.0
東京都江東区新大橋２丁目,1.0166666666666666
東京都江東区新砂３丁目,1.0
東京都江東区有明１丁目,1.0225806451612902
東京都江東区有明２丁目,1.0
東京都江東区木場２丁目,1.0
東京都江東区木場３丁目,1.025
東京都江東区木場５丁目,1.0
東京都江東区木場６丁目,1.0
東京都江東区東砂１丁目,1.0
東京都江東区東砂３丁目,1.0
東京都江東区東砂４丁目,1.0
東京都江東区東砂６丁目,1.0
東京都江東区東砂７丁目,1.00625
東京都江東区東砂８丁目,1.0
東京都江東区東陽１丁目,1.0
東京都江東区東陽２丁目,1.0235294117647058
東京都江東区東陽３丁目,1.0
東京都江東区東陽４丁目,1.0
東京都江東区東陽５丁目,1.0
東京都江東区東陽７丁目,1.0
東京都江東区東雲１丁目,1.0303571428571427
東京都江東区東雲２丁目,1.0
東京都江東区枝川１丁目,1.0
東京都江東区枝川３丁目,1.0
東京都江東区森下１丁目,1.0
東京都江東区森下３丁目,1.0
東京都江東区森下４丁目,1.0
東京都江東区毛利１丁目,1.01
東京都江東区永代１丁目,1.0
東京都江東区永代２丁目,1.0
東京都江東区深川１丁目,1.0
東京都江東区深川２丁目,1.0
東京都江東区清澄１丁目,1.025
東京都江東区清澄２丁目,1.0
東京都江東区潮見１丁目,1.0
東京都江東区牡丹１丁目,1.0
東京都江東区牡丹２丁目,1.0
東京都江東区牡丹３丁目,1.0
東京都江東区猿江１丁目,1.0
東京都江東区猿江２丁目,1.0
東京都江東区白河２丁目,1.0
東京都江東区白河３丁目,1.0
東京都江東区白河４丁目,1.0
東京都江東区豊洲１丁目,1.0
東京都江東区豊洲２丁目,1.0
東京都江東区豊洲３丁目,1.0
東京都江東区豊洲４丁目,1.0058823529411764
東京都江東区豊洲５丁目,1.05
東京都江東区豊洲６丁目,1.0
東京都江東区越中島１丁目,1.0
東京都江東区越中島２丁目,1.0375
東京都江東区辰巳１丁目,1.0142857142857142
東京都江東区門前仲町１丁目,1.0
東京都渋谷区上原１丁目,1.0
東京都渋谷区上原２丁目,1.01
東京都渋谷区上原３丁目,1.0
東京都渋谷区代々木１丁目,1.0125
東京都渋谷区代々木２丁目,1.0
東京都渋谷区代々木３丁目,1.01
東京都渋谷区代々木４丁目,1.0
東京都渋谷区代々木５丁目,1.0058823529411764
東京都渋谷区代官山町,1.0166666666666666
東京都渋谷区元代々木町,1.0
東京都渋谷区円山町,1.0
東京都渋谷区初台１丁目,1.0076923076923077
東京都渋谷区初台２丁目,1.0
東京都渋谷区千駄ヶ谷１丁目,1.0
東京都渋谷区千駄ヶ谷２丁目,1.0
東京都渋谷区千駄ヶ谷３丁目,1.03125
東京都渋谷区千駄ヶ谷４丁目,1.0846153846153843
東京都渋谷区千駄ヶ谷５丁目,1.0
東京都渋谷区南平台町,1.0
東京都渋谷区大山町,1.125
東京都渋谷区宇田川町,1.0
東京都渋谷区富ヶ谷１丁目,1.025
東京都渋谷区富ヶ谷２丁目,1.0
東京都渋谷区幡ヶ谷１丁目,1.0
東京都渋谷区幡ヶ谷２丁目,1.0045454545454546
東京都渋谷区幡ヶ谷３丁目,1.0
東京都渋谷区広尾１丁目,1.0
東京都渋谷区広尾２丁目,1.0
東京都渋谷区広尾３丁目,1.0
東京都渋谷区広尾４丁目,1.0
東京都渋谷区広尾５丁目,1.0
東京都渋谷区恵比寿南１丁目,1.05
東京都渋谷区恵比寿南２丁目,1.0
東京都渋谷区恵比寿南３丁目,1.0166666666666666
東京都渋谷区恵比寿西１丁目,1.0
東京都渋谷区恵比寿西２丁目,1.0
東京都渋谷区恵比寿１丁目,1.0611111111111111
東京都渋谷区恵比寿２丁目,1.0
東京都渋谷区恵比寿３丁目,1.0133333333333334
東京都渋谷区恵比寿４丁目,1.0
東京都渋谷区本町１丁目,1.0
東京都渋谷区本町２丁目,1.0
東京都渋谷区本町３丁目,1.0
東京都渋谷区本町４丁目,1.0
東京都渋谷区本町５丁目,1.0
東京都渋谷区本町６丁目,1.0
東京都渋谷区東１丁目,1.0
東京都渋谷区東２丁目,1.0
東京都渋谷区東３丁目,1.0
東京都渋谷区東４丁目,1.025
東京都渋谷区松濤１丁目,1.0125
東京都渋谷区松濤２丁目,1.00625
東京都渋谷区桜丘町,1.0
東京都渋谷区渋谷１丁目,1.02
東京都渋谷区渋谷２丁目,1.0
東京都渋谷区渋谷３丁目,1.03
東京都渋谷区渋谷４丁目,1.0
東京都渋谷区猿楽町,1.011111111111111
東京都渋谷区神宮前１丁目,1.0
東京都渋谷区神宮前２丁目,1.0
東京都渋谷区神宮前３丁目,1.0
東京都渋谷区神宮前４丁目,1.0
東京都渋谷区神宮前５丁目,1.0166666666666666
東京都渋谷区神宮前６丁目,1.0333333333333334
東京都渋谷区神山町,1.0
東京都渋谷区神泉町,1.0
東京都渋谷区笹塚１丁目,1.0071428571428571
東京都渋谷区笹塚２丁目,1.0
東京都渋谷区笹塚３丁目,1.0
東京都渋谷区西原１丁目,1.0
東京都渋谷区西原２丁目,1.0166666666666666
東京都渋谷区鉢山町,1.0
東京都港区三田１丁目,1.063157894736842
東京都港区三田２丁目,1.0
東京都港区三田４丁目,1.0
東京都港区三田５丁目,1.0
東京都港区元赤坂１丁目,1.0
東京都港区元麻布１丁目,1.0
東京都港区元麻布２丁目,1.0
東京都港区元麻布３丁目,1.0
東京都港区六本木１丁目,1.05
東京都港区六本木２丁目,1.0
東京都港区六本木３丁目,1.0
東京都港区六本木４丁目,1.0166666666666666
東京都港区六本木５丁目,1.0125
東京都港区六本木６丁目,1.0
東京都港区六本木７丁目,1.038888888888889
東京都港区北青山１丁目,1.0
東京都港区南青山１丁目,1.075
東京都港区南青山２丁目,1.05
東京都港区南青山３丁目,1.0
東京都港区南青山４丁目,1.0
東京都港区南青山５丁目,1.0
東京都港区南青山６丁目,1.0
東京都港区南青山７丁目,1.0
東京都港区南麻布１丁目,1.04
東京都港区南麻布２丁目,1.0
東京都港区南麻布４丁目,1.0
東京都港区南麻布５丁目,1.0
東京都港区台場２丁目,1.0375
東京都港区新橋４丁目,1.0
東京都港区新橋５丁目,1.0
東京都港区新橋６丁目,1.025
東京都港区東新橋１丁目,1.0
東京都港区東新橋２丁目,1.0
東京都港区東麻布１丁目,1.04
東京都港区東麻布２丁目,1.0
東京都港区浜松町１丁目,1.0
東京都港区浜松町２丁目,1.0
東京都港区海岸１丁目,1.06
東京都港区海岸２丁目,1.0
東京都港区海岸３丁目,1.0
東京都港区港南２丁目,1.0125
東京都港区港南３丁目,1.0055555555555555
東京都港区港南４丁目,1.0
東京都港区白金台２丁目,1.075
東京都港区白金台３丁目,1.0
東京都港区白金台５丁目,1.0166666666666666
東京都港区白金１丁目,1.08
東京都港区白金２丁目,1.0
東京都港区白金４丁目,1.0
東京都港区白金６丁目,1.025
東京都港区芝公園２丁目,1.0
東京都港区芝大門１丁目,1.0
東京都港区芝浦１丁目,1.02
東京都港区芝浦２丁目,1.0204545454545455
東京都港区芝浦４丁目,1.011111111111111
東京都港区芝１丁目,1.0
東京都港区芝２丁目,1.0
東京都港区芝３丁目,1.0125
東京都港区芝４丁目,1.0
東京都港区芝５丁目,1.0
東京都港区虎ノ門３丁目,1.075
東京都港区虎ノ門４丁目,1.05
東京都港区西新橋１丁目,1.0
東京都港区西麻布１丁目,1.0
東京都港区西麻布２丁目,1.0
東京都港区西麻布３丁目,1.0
東京都港区西麻布４丁目,1.0
東京都港区赤坂２丁目,1.0
東京都港区赤坂４丁目,1.0
東京都港区赤坂６丁目,1.0
東京都港区赤坂７丁目,1.0
東京都港区赤坂８丁目,1.0
東京都港区赤坂９丁目,1.0
東京都港区高輪１丁目,1.0
東京都港区高輪２丁目,1.0
東京都港区高輪３丁目,1.00625
東京都港区高輪４丁目,1.0
東京都港区麻布十番１丁目,1.0
東京都港区麻布十番２丁目,1.0
東京都港区麻布十番３丁目,1.0
東京都港区麻布十番４丁目,1.0
東京都港区麻布台１丁目,1.0
東京都港区麻布台３丁目,1.0
東京都港区麻布狸穴町,1.0
東京都目黒区三田１丁目,1.0
東京都目黒区三田２丁目,1.005
東京都目黒区上目黒１丁目,1.0
東京都目黒区上目黒２丁目,1.0
東京都目黒区上目黒３丁目,1.0125
東京都目黒区上目黒４丁目,1.0
東京都目黒区上目黒５丁目,1.0
東京都目黒区下目黒１丁目,1.0
東京都目黒区下目黒２丁目,1.0066666666666666
東京都目黒区下目黒３丁目,1.0
東京都目黒区下目黒５丁目,1.0
東京都目黒区下目黒６丁目,1.0266666666666666
東京都目黒区中央町１丁目,1.0
東京都目黒区中央町２丁目,1.0
東京都目黒区中根１丁目,1.0
東京都目黒区中根２丁目,1.0
東京都目黒区中町１丁目,1.0
東京都目黒区中町２丁目,1.0
東京都目黒区中目黒１丁目,1.0
東京都目黒区中目黒２丁目,1.0
東京都目黒区中目黒３丁目,1.0
東京都目黒区中目黒４丁目,1.0458333333333334
東京都目黒区中目黒５丁目,1.0
東京都目黒区五本木２丁目,1.0
東京都目黒区五本木３丁目,1.0
東京都目黒区八雲１丁目,1.0
東京都目黒区八雲２丁目,1.0
東京都目黒区八雲３丁目,1.0
東京都目黒区八雲４丁目,1.0
東京都目黒区八雲５丁目,1.0
東京都目黒区南２丁目,1.0
東京都目黒区原町１丁目,1.0
東京都目黒区大岡山１丁目,1.0125
東京都目黒区大岡山２丁目,1.0
東京都目黒区大橋１丁目,1.0
東京都目黒区大橋２丁目,1.011764705882353
東京都目黒区平町１丁目,1.0
東京都目黒区平町２丁目,1.0
東京都目黒区東が丘１丁目,1.0
東京都目黒区東山１丁目,1.0235294117647058
東京都目黒区東山２丁目,1.0
東京都目黒区東山３丁目,1.0
東京都目黒区柿の木坂１丁目,1.0
東京都目黒区柿の木坂２丁目,1.0
東京都目黒区柿の木坂３丁目,1.0
東京都目黒区洗足２丁目,1.0
東京都目黒区目黒本町１丁目,1.0
東京都目黒区目黒本町２丁目,1.0
東京都目黒区目黒本町３丁目,1.0
東京都目黒区目黒本町４丁目,1.0
東京都目黒区目黒本町５丁目,1.0
東京都目黒区目黒本町６丁目,1.0
東京都目黒区目黒１丁目,1.0
東京都目黒区目黒２丁目,1.005
東京都目黒区目黒３丁目,1.0214285714285714
東京都目黒区碑文谷１丁目,1.0
東京都目黒区碑文谷２丁目,1.0
東京都目黒区碑文谷３丁目,1.05
東京都目黒区碑文谷４丁目,1.0
東京都目黒区碑文谷５丁目,1.0
東京都目黒区碑文谷６丁目,1.0
東京都目黒区祐天寺１丁目,1.0
東京都目黒区祐天寺２丁目,1.0
東京都目黒区緑が丘１丁目,1.025
東京都目黒区緑が丘２丁目,1.0071428571428571
東京都目黒区自由が丘２丁目,1.0
東京都目黒区自由が丘３丁目,1.0
東京都目黒区青葉台１丁目,1.0
東京都目黒区青葉台２丁目,1.0
東京都目黒区青葉台３丁目,1.0
東京都目黒区青葉台４丁目,1.0
東京都目黒区駒場１丁目,1.0083333333333333
東京都目黒区駒場４丁目,1.0
東京都目黒区鷹番１丁目,1.0
東京都目黒区鷹番２丁目,1.0
東京都目黒区鷹番３丁目,1.0
東京都練馬区上石神井１丁目,1.0
東京都練馬区上石神井２丁目,1.0
東京都練馬区上石神井３丁目,1.022222222222222
東京都練馬区上石神井４丁目,1.0
東京都練馬区下石神井１丁目,1.0
東京都練馬区下石神井３丁目,1.0
東京都練馬区下石神井６丁目,1.0
東京都練馬区中村北１丁目,1.01875
東京都練馬区中村北２丁目,1.05
東京都練馬区中村北３丁目,1.0
東京都練馬区中村北４丁目,1.0035714285714286
東京都練馬区中村南１丁目,1.0
東京都練馬区中村南３丁目,1.0
東京都練馬区中村１丁目,1.0125
東京都練馬区中村２丁目,1.0
東京都練馬区中村３丁目,1.0
東京都練馬区光が丘１丁目,1.0
東京都練馬区光が丘３丁目,1.0
東京都練馬区光が丘５丁目,1.0
東京都練馬区光が丘６丁目,1.0
東京都練馬区光が丘７丁目,1.0
東京都練馬区北町１丁目,1.0
東京都練馬区北町２丁目,1.0
東京都練馬区北町３丁目,1.0
東京都練馬区北町５丁目,1.0
東京都練馬区北町６丁目,1.0
東京都練馬区北町８丁目,1.0
東京都練馬区南大泉１丁目,1.0
東京都練馬区南大泉２丁目,1.0
東京都練馬区南大泉４丁目,1.0
東京都練馬区南田中１丁目,1.0
東京都練馬区南田中２丁目,1.0
東京都練馬区南田中５丁目,1.0
東京都練馬区向山１丁目,1.0
東京都練馬区土支田２丁目,1.05
東京都練馬区大泉学園町４丁目,1.0
東京都練馬区大泉学園町５丁目,1.0
東京都練馬区大泉学園町７丁目,1.0
東京都練馬区大泉学園町８丁目,1.0
東京都練馬区大泉町４丁目,1.0
東京都練馬区富士見台１丁目,1.0
東京都練馬区富士見台３丁目,1.0
東京都練馬区小竹町１丁目,1.0
東京都練馬区平和台１丁目,1.0
東京都練馬区平和台２丁目,1.0
東京都練馬区平和台３丁目,1.0166666666666666
東京都練馬区平和台４丁目,1.0
東京都練馬区早宮１丁目,1.0
東京都練馬区早宮２丁目,1.0
東京都練馬区早宮３丁目,1.0
東京都練馬区早宮４丁目,1.0
東京都練馬区旭丘１丁目,1.0
東京都練馬区旭丘２丁目,1.25
東京都練馬区旭町１丁目,1.0
東京都練馬区旭町２丁目,1.0
東京都練馬区旭町３丁目,1.0
東京都練馬区春日町１丁目,1.0
東京都練馬区春日町２丁目,1.0
東京都練馬区春日町３丁目,1.0
東京都練馬区春日町４丁目,1.0
東京都練馬区春日町５丁目,1.0
東京都練馬区春日町６丁目,1.0
東京都練馬区東大泉１丁目,1.0
東京都練馬区東大泉２丁目,1.05
東京都練馬区東大泉４丁目,1.0
東京都練馬区東大泉５丁目,1.0166666666666666
東京都練馬区東大泉６丁目,1.0
東京都練馬区東大泉７丁目,1.0
東京都練馬区栄町,1.0
東京都練馬区桜台１丁目,1.0
東京都練馬区桜台３丁目,1.0
東京都練馬区桜台４丁目,1.0
東京都練馬区桜台６丁目,1.0
東京都練馬区氷川台２丁目,1.0083333333333333
東京都練馬区氷川台３丁目,1.0
東京都練馬区氷川台４丁目,1.02
東京都練馬区田柄１丁目,1.0
東京都練馬区田柄２丁目,1.0
東京都練馬区田柄３丁目,1.025
東京都練馬区田柄５丁目,1.0
東京都練馬区石神井台１丁目,1.0
東京都練馬区石神井台４丁目,1.025
東京都練馬区石神井台５丁目,1.0
東京都練馬区石神井台８丁目,1.0
東京都練馬区石神井町１丁目,1.0
東京都練馬区石神井町２丁目,1.0
東京都練馬区石神井町３丁目,1.0
東京都練馬区石神井町４丁目,1.0
東京都練馬区石神井町５丁目,1.0
東京都練馬区石神井町６丁目,1.0
東京都練馬区石神井町７丁目,1.0
東京都練馬区立野町,1.0125
東京都練馬区練馬１丁目,1.0
東京都練馬区練馬３丁目,1.0
東京都練馬区練馬４丁目,1.0375
東京都練馬区羽沢１丁目,1.0
東京都練馬区羽沢２丁目,1.0
東京都練馬区羽沢３丁目,1.0
東京都練馬区西大泉１丁目,1.0
東京都練馬区西大泉４丁目,1.0
東京都練馬区谷原１丁目,1.0
東京都練馬区谷原２丁目,1.0
東京都練馬区谷原３丁目,1.0
東京都練馬区谷原５丁目,1.0
東京都練馬区豊玉上１丁目,1.0
東京都練馬区豊玉上２丁目,1.0
東京都練馬区豊玉中１丁目,1.0
東京都練馬区豊玉中２丁目,1.0
東京都練馬区豊玉中３丁目,1.0
東京都練馬区豊玉中４丁目,1.0
東京都練馬区豊玉北２丁目,1.0
東京都練馬区豊玉北３丁目,1.0
東京都練馬区豊玉北４丁目,1.0
東京都練馬区豊玉北５丁目,1.0
東京都練馬区豊玉北６丁目,1.0
東京都練馬区豊玉南１丁目,1.0
東京都練馬区豊玉南２丁目,1.0
東京都練馬区豊玉南３丁目,1.0
東京都練馬区貫井１丁目,1.003125
東京都練馬区貫井２丁目,1.0166666666666666
東京都練馬区貫井３丁目,1.0
東京都練馬区貫井４丁目,1.0125
東京都練馬区貫井５丁目,1.05
東京都練馬区錦１丁目,1.0
東京都練馬区関町北１丁目,1.0
東京都練馬区関町北２丁目,1.0
東京都練馬区関町北３丁目,1.0
東京都練馬区関町北４丁目,1.0
東京都練馬区関町北５丁目,1.0
東京都練馬区関町南１丁目,1.0
東京都練馬区関町南２丁目,1.0
東京都練馬区関町南３丁目,1.0
東京都練馬区関町南４丁目,1.0
東京都練馬区関町東１丁目,1.0
東京都練馬区関町東２丁目,1.0
東京都練馬区高松１丁目,1.05
東京都練馬区高松３丁目,1.0
東京都練馬区高松５丁目,1.0
東京都練馬区高松６丁目,1.0
東京都練馬区高野台１丁目,1.0
東京都練馬区高野台２丁目,1.0066666666666666
東京都練馬区高野台３丁目,1.0
東京都練馬区高野台４丁目,1.0
東京都練馬区高野台５丁目,1.0
東京都荒川区南千住１丁目,1.0
東京都荒川区南千住２丁目,1.0
東京都荒川区南千住３丁目,1.0
東京都荒川区南千住５丁目,1.0
東京都荒川区南千住６丁目,1.0
東京都荒川区南千住７丁目,1.0057142857142858
東京都荒川区南千住８丁目,1.0
東京都荒川区東尾久１丁目,1.0
東京都荒川区東尾久２丁目,1.0
東京都荒川区東尾久３丁目,1.0
東京都荒川区東尾久４丁目,1.0
東京都荒川区東尾久５丁目,1.0
東京都荒川区東尾久６丁目,1.0
東京都荒川区東尾久８丁目,1.0
東京都荒川区東日暮里１丁目,1.0
東京都荒川区東日暮里２丁目,1.0
東京都荒川区東日暮里３丁目,1.0
東京都荒川区東日暮里４丁目,1.0
東京都荒川区東日暮里５丁目,1.0
東京都荒川区東日暮里６丁目,1.0289473684210526
東京都荒川区町屋１丁目,1.0
東京都荒川区町屋２丁目,1.0
東京都荒川区町屋３丁目,1.0
東京都荒川区町屋４丁目,1.0
東京都荒川区町屋５丁目,1.0
東京都荒川区町屋６丁目,1.0
東京都荒川区町屋７丁目,1.0
東京都荒川区町屋８丁目,1.0
東京都荒川区荒川１丁目,1.0125
東京都荒川区荒川３丁目,1.0
東京都荒川区荒川４丁目,1.0138888888888888
東京都荒川区荒川５丁目,1.0
東京都荒川区荒川６丁目,1.0
東京都荒川区荒川７丁目,1.0
東京都荒川区荒川８丁目,1.0
東京都荒川区西尾久１丁目,1.0
東京都荒川区西尾久４丁目,1.0
東京都荒川区西尾久５丁目,1.0
東京都荒川区西尾久６丁目,1.0
東京都荒川区西尾久７丁目,1.0
東京都荒川区西尾久８丁目,1.0
東京都荒川区西日暮里１丁目,1.0
東京都荒川区西日暮里２丁目,1.0034482758620689
東京都荒川区西日暮里３丁目,1.0
東京都荒川区西日暮里４丁目,1.0
東京都荒川区西日暮里５丁目,1.0
東京都荒川区西日暮里６丁目,1.0
東京都葛飾区お花茶屋１丁目,1.0
東京都葛飾区お花茶屋２丁目,1.0
東京都葛飾区お花茶屋３丁目,1.0
東京都葛飾区亀有１丁目,1.0
東京都葛飾区亀有２丁目,1.0
東京都葛飾区亀有３丁目,1.0
東京都葛飾区亀有４丁目,1.0
東京都葛飾区亀有５丁目,1.0
東京都葛飾区南水元１丁目,1.0
東京都葛飾区南水元３丁目,1.0
東京都葛飾区四つ木１丁目,1.0
東京都葛飾区四つ木２丁目,1.0
東京都葛飾区四つ木４丁目,1.0
東京都葛飾区四つ木５丁目,1.0
東京都葛飾区堀切１丁目,1.0
東京都葛飾区堀切２丁目,1.0
東京都葛飾区堀切３丁目,1.0
東京都葛飾区堀切４丁目,1.0
東京都葛飾区堀切５丁目,1.0
東京都葛飾区堀切７丁目,1.0
東京都葛飾区堀切８丁目,1.0
東京都葛飾区奥戸１丁目,1.0
東京都葛飾区奥戸２丁目,1.0
東京都葛飾区奥戸４丁目,1.0
東京都葛飾区奥戸５丁目,1.0
東京都葛飾区奥戸６丁目,1.0
東京都葛飾区奥戸７丁目,1.0
東京都葛飾区奥戸９丁目,1.0
東京都葛飾区宝町１丁目,1.0
東京都葛飾区宝町２丁目,1.0
東京都葛飾区小菅１丁目,1.0
東京都葛飾区小菅２丁目,1.0
東京都葛飾区小菅４丁目,1.0
東京都葛飾区新宿１丁目,1.0
東京都葛飾区新宿３丁目,1.0
東京都葛飾区新宿４丁目,1.0
東京都葛飾区新宿６丁目,1.0120689655172417
東京都葛飾区新小岩１丁目,1.0
東京都葛飾区新小岩２丁目,1.0384615384615383
東京都葛飾区新小岩３丁目,1.0
東京都葛飾区新小岩４丁目,1.0
東京都葛飾区東四つ木１丁目,1.0
東京都葛飾区東四つ木２丁目,1.0
東京都葛飾区東四つ木３丁目,1.0
東京都葛飾区東四つ木４丁目,1.0
東京都葛飾区東堀切１丁目,1.0
東京都葛飾区東堀切２丁目,1.0
東京都葛飾区東堀切３丁目,1.0
東京都葛飾区東新小岩１丁目,1.0
東京都葛飾区東新小岩２丁目,1.0
東京都葛飾区東新小岩３丁目,1.0
東京都葛飾区東新小岩５丁目,1.0
東京都葛飾区東新小岩６丁目,1.0
東京都葛飾区東新小岩７丁目,1.0
東京都葛飾区東新小岩８丁目,1.0
東京都葛飾区東水元１丁目,1.0
東京都葛飾区東水元５丁目,1.0
東京都葛飾区東立石１丁目,1.0
東京都葛飾区東立石２丁目,1.0
東京都葛飾区東立石３丁目,1.0
東京都葛飾区東立石４丁目,1.0
東京都葛飾区東金町１丁目,1.0
東京都葛飾区東金町３丁目,1.0
東京都葛飾区東金町４丁目,1.0
東京都葛飾区東金町５丁目,1.0
東京都葛飾区東金町６丁目,1.0
東京都葛飾区東金町７丁目,1.0
東京都葛飾区柴又１丁目,1.0
東京都葛飾区柴又２丁目,1.0
東京都葛飾区柴又３丁目,1.0
東京都葛飾区柴又４丁目,1.0
東京都葛飾区柴又５丁目,1.0
東京都葛飾区水元３丁目,1.0
東京都葛飾区白鳥１丁目,1.0
東京都葛飾区白鳥２丁目,1.0
東京都葛飾区白鳥３丁目,1.0
東京都葛飾区白鳥４丁目,1.0
東京都葛飾区立石１丁目,1.0
東京都葛飾区立石２丁目,1.0
東京都葛飾区立石３丁目,1.0
東京都葛飾区立石４丁目,1.0
東京都葛飾区立石５丁目,1.0
東京都葛飾区立石６丁目,1.0
東京都葛飾区立石７丁目,1.0
東京都葛飾区立石８丁目,1.0
東京都葛飾区細田１丁目,1.0
東京都葛飾区細田３丁目,1.0
東京都葛飾区西亀有１丁目,1.0
東京都葛飾区西亀有２丁目,1.0
東京都葛飾区西亀有３丁目,1.0
東京都葛飾区西亀有４丁目,1.0
東京都葛飾区西新小岩１丁目,1.03
東京都葛飾区西新小岩３丁目,1.0
東京都葛飾区西新小岩４丁目,1.0
東京都葛飾区西新小岩５丁目,1.0
東京都葛飾区西水元１丁目,1.0
東京都葛飾区金町１丁目,1.0
東京都葛飾区金町２丁目,1.0
東京都葛飾区金町３丁目,1.0
東京都葛飾区金町４丁目,1.0
東京都葛飾区金町６丁目,1.0
東京都葛飾区鎌倉１丁目,1.0
東京都葛飾区鎌倉２丁目,1.0
東京都葛飾区鎌倉３丁目,1.0
東京都葛飾区鎌倉４丁目,1.05
東京都葛飾区青戸１丁目,1.0
東京都葛飾区青戸２丁目,1.0
東京都葛飾区青戸３丁目,1.0
東京都葛飾区青戸４丁目,1.0
東京都葛飾区青戸５丁目,1.0
東京都葛飾区青戸６丁目,1.0
東京都葛飾区青戸７丁目,1.0029411764705882
東京都葛飾区青戸８丁目,1.0
東京都葛飾区高砂１丁目,1.02
東京都葛飾区高砂２丁目,1.0
東京都葛飾区高砂３丁目,1.0
東京都葛飾区高砂５丁目,1.0
東京都葛飾区高砂６丁目,1.0
東京都葛飾区高砂７丁目,1.0
東京都葛飾区高砂８丁目,1.0
東京都豊島区上池袋１丁目,1.0
東京都豊島区上池袋２丁目,1.0
東京都豊島区上池袋３丁目,1.0
東京都豊島区上池袋４丁目,1.0
東京都豊島区北大塚１丁目,1.0
東京都豊島区北大塚２丁目,1.0
東京都豊島区北大塚３丁目,1.0
東京都豊島区千川２丁目,1.0
東京都豊島区千早１丁目,1.0
東京都豊島区千早２丁目,1.0
東京都豊島区千早４丁目,1.0
東京都豊島区南大塚１丁目,1.0
東京都豊島区南大塚２丁目,1.025
東京都豊島区南大塚３丁目,1.0107142857142857
東京都豊島区南池袋１丁目,1.00625
東京都豊島区南池袋２丁目,1.0454545454545454
東京都豊島区南長崎１丁目,1.0
東京都豊島区南長崎３丁目,1.0
東京都豊島区南長崎４丁目,1.0
東京都豊島区南長崎５丁目,1.0
東京都豊島区南長崎６丁目,1.0
東京都豊島区巣鴨１丁目,1.0
東京都豊島区巣鴨２丁目,1.0
東京都豊島区巣鴨３丁目,1.0
東京都豊島区巣鴨４丁目,1.0052631578947369
東京都豊島区巣鴨５丁目,1.0
東京都豊島区東池袋１丁目,1.0
東京都豊島区東池袋２丁目,1.002
東京都豊島区東池袋３丁目,1.008823529411765
東京都豊島区東池袋４丁目,1.0208333333333333
東京都豊島区東池袋５丁目,1.0277777777777777
東京都豊島区池袋本町１丁目,1.0
東京都豊島区池袋本町２丁目,1.0
東京都豊島区池袋本町３丁目,1.0
東京都豊島区池袋本町４丁目,1.0
東京都豊島区池袋１丁目,1.0
東京都豊島区池袋２丁目,1.0
東京都豊島区池袋３丁目,1.0157894736842106
東京都豊島区池袋４丁目,1.0
東京都豊島区目白１丁目,1.0
東京都豊島区目白２丁目,1.0
東京都豊島区目白３丁目,1.0
東京都豊島区目白４丁目,1.0
東京都豊島区目白５丁目,1.0
東京都豊島区西巣鴨１丁目,1.005
東京都豊島区西巣鴨２丁目,1.0
東京都豊島区西巣鴨３丁目,1.0
東京都豊島区西巣鴨４丁目,1.0
東京都豊島区西池袋２丁目,1.0
東京都豊島区西池袋３丁目,1.0
東京都豊島区西池袋４丁目,1.0125
東京都豊島区西池袋５丁目,1.0375
東京都豊島区要町１丁目,1.0
東京都豊島区要町３丁目,1.0
東京都豊島区長崎１丁目,1.0
東京都豊島区長崎２丁目,1.0
東京都豊島区長崎４丁目,1.0
東京都豊島区長崎５丁目,1.0
東京都豊島区長崎６丁目,1.05
東京都豊島区雑司が谷１丁目,1.0
東京都豊島区雑司が谷２丁目,1.0
東京都豊島区雑司が谷３丁目,1.0
東京都豊島区駒込１丁目,1.0
東京都豊島区駒込２丁目,1.0
東京都豊島区駒込３丁目,1.0
東京都豊島区駒込４丁目,1.01875
東京都豊島区駒込６丁目,1.0
東京都豊島区高松１丁目,1.0
東京都豊島区高田１丁目,1.0
東京都豊島区高田２丁目,1.0136363636363637
東京都豊島区高田３丁目,1.0
東京都足立区一ツ家２丁目,1.0
東京都足立区一ツ家３丁目,1.0
東京都足立区中央本町１丁目,1.0
東京都足立区中央本町２丁目,1.0
東京都足立区中央本町３丁目,1.0
東京都足立区中央本町４丁目,1.0
東京都足立区中央本町５丁目,1.0
東京都足立区中川１丁目,1.0
東京都足立区中川２丁目,1.0
東京都足立区中川４丁目,1.0375
東京都足立区伊興１丁目,1.0
東京都足立区伊興２丁目,1.0
東京都足立区伊興３丁目,1.0
東京都足立区伊興４丁目,1.0
東京都足立区保塚町,1.0
東京都足立区保木間１丁目,1.0
東京都足立区保木間２丁目,1.0
東京都足立区保木間５丁目,1.0
東京都足立区入谷１丁目,1.0
東京都足立区六月１丁目,1.0
東京都足立区六月２丁目,1.0
東京都足立区六木１丁目,1.0
東京都足立区六町１丁目,1.0
東京都足立区加平１丁目,1.0
東京都足立区加平２丁目,1.0
東京都足立区加平３丁目,1.0
東京都足立区北加平町,1.0
東京都足立区千住中居町,1.0
東京都足立区千住仲町,1.0
東京都足立区千住元町,1.0
東京都足立区千住大川町,1.0
東京都足立区千住寿町,1.0
東京都足立区千住旭町,1.0
東京都足立区千住曙町,1.0
東京都足立区千住東１丁目,1.0
東京都足立区千住東２丁目,1.0
東京都足立区千住桜木１丁目,1.0
東京都足立区千住桜木２丁目,1.0
東京都足立区千住橋戸町,1.003125
東京都足立区千住河原町,1.0
東京都足立区千住緑町１丁目,1.0
東京都足立区千住緑町３丁目,1.0
東京都足立区千住関屋町,1.0
東京都足立区千住１丁目,1.15
東京都足立区千住２丁目,1.0
東京都足立区千住３丁目,1.0166666666666666
東京都足立区千住５丁目,1.0
東京都足立区南花畑２丁目,1.0
東京都足立区大谷田１丁目,1.0
東京都足立区大谷田２丁目,1.0
東京都足立区大谷田３丁目,1.0
東京都足立区大谷田４丁目,1.0
東京都足立区大谷田５丁目,1.0
東京都足立区宮城１丁目,1.0
東京都足立区小台１丁目,1.0
東京都足立区小台２丁目,1.0
東京都足立区島根１丁目,1.0
東京都足立区島根２丁目,1.0
東京都足立区島根３丁目,1.0
東京都足立区弘道１丁目,1.0
東京都足立区弘道２丁目,1.0
東京都足立区扇１丁目,1.0
東京都足立区扇２丁目,1.0
東京都足立区新田１丁目,1.0
東京都足立区新田２丁目,1.0
東京都足立区新田３丁目,1.0071428571428571
東京都足立区東伊興３丁目,1.0
東京都足立区東保木間１丁目,1.0
東京都足立区東和２丁目,1.0
東京都足立区東和３丁目,1.0
東京都足立区東和４丁目,1.0
東京都足立区東和５丁目,1.0
東京都足立区東綾瀬１丁目,1.0
東京都足立区東綾瀬２丁目,1.0
東京都足立区東綾瀬３丁目,1.0
東京都足立区東開５丁目,1.0
東京都足立区柳原２丁目,1.0
東京都足立区栗原１丁目,1.0
東京都足立区栗原２丁目,1.0
東京都足立区栗原３丁目,1.0
東京都足立区栗原４丁目,1.0
東京都足立区梅島１丁目,1.0
東京都足立区梅島２丁目,1.0
東京都足立区梅島３丁目,1.0
東京都足立区梅田２丁目,1.0
東京都足立区梅田５丁目,1.0
東京都足立区梅田６丁目,1.0
東京都足立区梅田７丁目,1.0055555555555555
東京都足立区梅田８丁目,1.0
東京都足立区椿１丁目,1.0
東京都足立区江北１丁目,1.0
東京都足立区江北４丁目,1.0
東京都足立区江北６丁目,1.0
東京都足立区江北７丁目,1.0
東京都足立区皿沼１丁目,1.0
東京都足立区神明１丁目,1.0
東京都足立区竹の塚１丁目,1.0
東京都足立区竹の塚５丁目,1.0
東京都足立区竹の塚６丁目,1.0
東京都足立区綾瀬１丁目,1.0
東京都足立区綾瀬２丁目,1.025
東京都足立区綾瀬３丁目,1.0
東京都足立区綾瀬４丁目,1.0
東京都足立区綾瀬５丁目,1.0
東京都足立区綾瀬６丁目,1.0
東京都足立区綾瀬７丁目,1.0
東京都足立区興野１丁目,1.0
東京都足立区興野２丁目,1.0
東京都足立区舎人４丁目,1.0
東京都足立区舎人５丁目,1.0
東京都足立区花畑５丁目,1.0
東京都足立区花畑６丁目,1.0
東京都足立区西保木間１丁目,1.0
東京都足立区西保木間２丁目,1.0
東京都足立区西保木間３丁目,1.0
東京都足立区西保木間４丁目,1.0
東京都足立区西加平２丁目,1.0
東京都足立区西新井本町１丁目,1.0
東京都足立区西新井本町２丁目,1.0
東京都足立区西新井本町３丁目,1.0
東京都足立区西新井本町５丁目,1.0
東京都足立区西新井栄町１丁目,1.0
東京都足立区西新井２丁目,1.0
東京都足立区西新井３丁目,1.0
東京都足立区西新井４丁目,1.0
東京都足立区西新井６丁目,1.0
東京都足立区西新井７丁目,1.0
東京都足立区西綾瀬１丁目,1.0
東京都足立区西綾瀬２丁目,1.0
東京都足立区西綾瀬３丁目,1.0
東京都足立区谷中１丁目,1.0
東京都足立区谷中２丁目,1.0
東京都足立区谷中３丁目,1.0
東京都足立区谷中４丁目,1.0
東京都足立区谷中５丁目,1.0
東京都足立区谷在家１丁目,1.0
東京都足立区谷在家２丁目,1.0
東京都足立区足立１丁目,1.0
東京都足立区足立２丁目,1.0
東京都足立区足立３丁目,1.0
東京都足立区足立４丁目,1.0
東京都足立区辰沼２丁目,1.0
東京都足立区関原２丁目,1.0
東京都足立区青井１丁目,1.0
東京都足立区青井２丁目,1.0
東京都足立区青井３丁目,1.0
東京都足立区青井４丁目,1.0
東京都足立区青井５丁目,1.0
東京都足立区青井６丁目,1.0
東京都足立区鹿浜１丁目,1.0
東京都足立区鹿浜２丁目,1.0
東京都足立区鹿浜６丁目,1.0
東京都足立区鹿浜７丁目,1.0
東京都足立区鹿浜８丁目,1.0
東京都野区沼袋４丁目,1.0
